timestamp_local,0,normalized,scaled
2015-12-01,42.04489583,0.5121404263,204.8561705
2015-12-02,42.04489583,0.5121404263,204.8561705
2015-12-03,42.04489583,0.5121404263,204.8561705
2015-12-04,42.04489583,0.5121404263,204.8561705
2015-12-05,42.04489583,0.5121404263,204.8561705
2015-12-06,42.04489583,0.5121404263,204.8561705
2015-12-07,42.04489583,0.5121404263,204.8561705
2015-12-08,42.04489583,0.5121404263,204.8561705
2015-12-09,42.04489583,0.5121404263,204.8561705
2015-12-10,42.04489583,0.5121404263,204.8561705
2015-12-11,42.04489583,0.5121404263,204.8561705
2015-12-12,42.04489583,0.5121404263,204.8561705
2015-12-13,42.04489583,0.5121404263,204.8561705
2015-12-14,42.04489583,0.5121404263,204.8561705
2015-12-15,42.04489583,0.5121404263,204.8561705
2015-12-16,42.04489583,0.5121404263,204.8561705
2015-12-17,42.04489583,0.5121404263,204.8561705
2015-12-18,42.04489583,0.5121404263,204.8561705
2015-12-19,42.04489583,0.5121404263,204.8561705
2015-12-20,42.04489583,0.5121404263,204.8561705
2015-12-21,42.04489583,0.5121404263,204.8561705
2015-12-22,42.04489583,0.5121404263,204.8561705
2015-12-23,42.04489583,0.5121404263,204.8561705
2015-12-24,42.04489583,0.5121404263,204.8561705
2015-12-25,42.04489583,0.5121404263,204.8561705
2015-12-26,42.04489583,0.5121404263,204.8561705
2015-12-27,42.04489583,0.5121404263,204.8561705
2015-12-28,42.04489583,0.5121404263,204.8561705
2015-12-29,42.04489583,0.5121404263,204.8561705
2015-12-30,42.04489583,0.5121404263,204.8561705
2015-12-31,42.04489583,0.5121404263,204.8561705
2016-01-01,42.04489583,0.5121404263,204.8561705
2016-01-02,42.16984954,0.5178155959,207.1262384
2016-01-03,42.24037037,0.5210185237,208.4074095
2016-01-04,42.22480324,0.520311493,208.1245972
2016-01-05,42.39761574,0.528160322,211.2641288
2016-01-06,42.48018519,0.5319104757,212.7641903
2016-01-07,43.10900463,0.5604703094,224.1881238
2016-01-08,43.09469907,0.5598205772,223.9282309
2016-01-09,43.36763889,0.5722170064,228.8868025
2016-01-10,43.83975694,0.5936597485,237.4638994
2016-01-11,43.90747685,0.5967354633,238.6941853
2016-01-12,43.97798611,0.5999378654,239.9751462
2016-01-13,44.18383102,0.6092869661,243.7147865
2016-01-14,44.41815972,0.619929749,247.9718996
2016-01-15,44.63822917,0.6299249023,251.9699609
2016-01-16,44.82428241,0.6383751016,255.3500406
2016-01-17,44.88085648,0.640944593,256.3778372
2016-01-18,45.24622685,0.6575390496,263.0156199
2016-01-19,45.37834491,0.6635396111,265.4158444
2016-01-20,45.57603009,0.6725181121,269.0072448
2016-01-21,45.55699074,0.6716533794,268.6613518
2016-01-22,45.58730324,0.6730301179,269.2120472
2016-01-23,45.70053241,0.6781727804,271.2691122
2016-01-24,46.04791667,0.6939503407,277.5801363
2016-01-25,46.12636574,0.6975133547,279.0053419
2016-01-26,46.22819444,0.702138229,280.8552916
2016-01-27,46.25704861,0.7034487327,281.3794931
2016-01-28,46.1675,0.6993815979,279.7526391
2016-01-29,46.56063657,0.7172371449,286.894858
2016-01-30,46.70758102,0.7239110939,289.5644376
2016-01-31,46.66085648,0.7217889506,288.7155802
2016-02-01,46.7074537,0.7239053115,289.5621246
2016-02-02,46.77145833,0.7268122852,290.7249141
2016-02-03,46.76880787,0.726691906,290.6767624
2016-02-04,47.06131944,0.7399772489,295.9908995
2016-02-05,47.21322917,0.7468767117,298.7506847
2016-02-06,47.4106713,0.7558441736,302.3376694
2016-02-07,47.62861111,0.765742603,306.2970412
2016-02-08,47.72866898,0.7702870492,308.1148197
2016-02-09,47.78893519,0.7730242304,309.2096922
2016-02-10,47.73353009,0.770507832,308.2031328
2016-02-11,47.79225694,0.7731750986,309.2700395
2016-02-12,47.90603009,0.7783424678,311.3369871
2016-02-13,47.98001157,0.7817025719,312.6810288
2016-02-14,47.9508912,0.7803799777,312.1519911
2016-02-15,47.93087963,0.7794710885,311.7884354
2016-02-16,47.88984954,0.7776075764,311.0430306
2016-02-17,48.09163194,0.7867721658,314.7088663
2016-02-18,48.1322338,0.788616228,315.4464912
2016-02-19,48.22697917,0.7929193901,317.167756
2016-02-20,48.275,0.7951004089,318.0401635
2016-02-21,48.2983912,0.7961627947,318.4651179
2016-02-22,48.29210648,0.7958773541,318.3509416
2016-02-23,48.3549537,0.7987317604,319.4927042
2016-02-24,48.40017361,0.8007855663,320.3142265
2016-02-25,48.39590278,0.8005915928,320.2366371
2016-02-26,48.43155093,0.8022106668,320.8842667
2016-02-27,48.37851852,0.7998020314,319.9208126
2016-02-28,48.47325231,0.8041046679,321.6418671
2016-02-29,48.4080787,0.8011446012,320.4578405
2016-03-01,48.62115741,0.8108222478,324.3288991
2016-03-02,48.70350694,0.8145624137,325.8249655
2016-03-03,48.63501157,0.8114514788,324.5805915
2016-03-04,48.55820602,0.8079631103,323.1852441
2016-03-05,48.8159375,0.8196688048,327.8675219
2016-03-06,48.93884259,0.8252509302,330.1003721
2016-03-07,48.9150463,0.8241701457,329.6680583
2016-03-08,49.05116898,0.8303525902,332.1410361
2016-03-09,49.11564815,0.8332811164,333.3124466
2016-03-10,48.98615741,0.8273998829,330.9599532
2016-03-11,49.14364583,0.8345527203,333.8210881
2016-03-12,49.02282407,0.8290652161,331.6260864
2016-03-13,49.06359954,0.8309171633,332.3668653
2016-03-14,49.31731481,0.8424404491,336.9761796
2016-03-15,49.3655787,0.844632507,337.8530028
2016-03-16,49.21572917,0.837826614,335.1306456
2016-03-17,49.18079861,0.8362401318,334.4960527
2016-03-18,49.08881944,0.8320626056,332.8250422
2016-03-19,49.1515625,0.8349122809,333.9649124
2016-03-20,49.21821759,0.8379396338,335.1758535
2016-03-21,49.23965278,0.8389131808,335.5652723
2016-03-22,49.48563657,0.8500853168,340.0341267
2016-03-23,49.37592593,0.845102459,338.0409836
2016-03-24,49.43237269,0.847666168,339.0664672
2016-03-25,49.38797454,0.845649685,338.259874
2016-03-26,49.32575231,0.842823665,337.129466
2016-03-27,49.38202546,0.8453794889,338.1517955
2016-03-28,49.33555556,0.8432689103,337.3075641
2016-03-29,49.33009259,0.8430207925,337.208317
2016-03-30,49.33925926,0.8434371258,337.3748503
2016-03-31,49.42581019,0.8473681112,338.9472445
2016-04-01,49.35489583,0.8441473105,337.6589242
2016-04-02,49.32436343,0.8427605842,337.1042337
2016-04-03,49.37152778,0.8449027031,337.9610812
2016-04-04,49.3744213,0.8450341215,338.0136486
2016-04-05,49.36586806,0.8446456488,337.8582595
2016-04-06,49.37625,0.8451171778,338.0468711
2016-04-07,49.37873843,0.8452301976,338.092079
2016-04-08,49.3834838,0.8454457237,338.1782895
2016-04-09,49.3203125,0.8425765985,337.0306394
2016-04-10,49.29677083,0.8415073789,336.6029516
2016-04-11,49.27787037,0.8406489543,336.2595817
2016-04-12,49.31113426,0.8421597395,336.8638958
2016-04-13,49.40304398,0.8463341117,338.5336447
2016-04-14,49.42606481,0.847379676,338.9518704
2016-04-15,49.42038194,0.8471215704,338.8486282
2016-04-16,49.38006944,0.8452906501,338.11626
2016-04-17,49.39516204,0.8459761281,338.3904512
2016-04-18,49.35847222,0.8443097436,337.7238974
2016-04-19,49.31174769,0.8421876002,336.8750401
2016-04-20,49.37260417,0.8449515907,337.9806363
2016-04-21,49.42219907,0.8472041011,338.8816404
2016-04-22,49.30756944,0.8419978321,336.7991328
2016-04-23,49.44400463,0.8481944697,339.2777879
2016-04-24,49.43034722,0.8475741751,339.0296701
2016-04-25,49.32961806,0.8429992399,337.199696
2016-04-26,48.57225694,0.8086012778,323.4405111
2016-04-27,48.35553241,0.7987580441,319.5032176
2016-04-28,48.4040162,0.8009600898,320.3840359
2016-04-29,48.33133102,0.7976588611,319.0635444
2016-04-30,48.37542824,0.7996616766,319.8646706
2016-05-01,48.32958333,0.7975794844,319.0317938
2016-05-02,48.28358796,0.7954904585,318.1961834
2016-05-03,48.22476852,0.7928189865,317.1275946
2016-05-04,48.13528935,0.7887550057,315.5020023
2016-05-05,47.77115741,0.7722167961,308.8867184
2016-05-06,47.61015046,0.764904154,305.9616616
2016-05-07,46.96792824,0.7357355905,294.2942362
2016-05-08,46.65042824,0.7213153189,288.5261275
2016-05-09,46.60268519,0.7191469162,287.6587665
2016-05-10,46.51277778,0.7150634856,286.0253942
2016-05-11,46.35646991,0.7079642668,283.1857067
2016-05-12,46.39962963,0.7099245028,283.9698011
2016-05-13,46.37782407,0.7089341342,283.5736537
2016-05-14,46.29653935,0.7052423302,282.0969321
2016-05-15,46.28324074,0.7046383315,281.8553326
2016-05-16,46.21391204,0.701489548,280.5958192
2016-05-17,46.16546296,0.6992890793,279.7156317
2016-05-18,45.52532407,0.6702151371,268.0860548
2016-05-19,45.21456019,0.6561008073,262.4403229
2016-05-20,45.13092593,0.6523022916,260.9209166
2016-05-21,45.00649306,0.6466507773,258.6603109
2016-05-22,44.76822917,0.6358292655,254.3317062
2016-05-23,44.705,0.6329575119,253.1830048
2016-05-24,44.65199074,0.6305499279,252.2199712
2016-05-25,44.53021991,0.6250193185,250.0077274
2016-05-26,44.42061343,0.6200411918,248.0164767
2016-05-27,44.37114583,0.6177944638,247.1177855
2016-05-28,44.19216435,0.609665451,243.8661804
2016-05-29,44.05732639,0.6035413563,241.4165425
2016-05-30,43.89100694,0.5959874301,238.394972
2016-05-31,43.73001157,0.5886753136,235.4701255
2016-06-01,43.53365741,0.5797572651,231.902906
2016-06-02,43.33166667,0.5705832136,228.2332854
2016-06-03,43.13581019,0.5616877689,224.6751076
2016-06-04,42.868125,0.5495299954,219.8119982
2016-06-05,42.67542824,0.5407780597,216.3112239
2016-06-06,42.37150463,0.5269744029,210.7897611
2016-06-07,42.11810185,0.5154653103,206.1861241
2016-06-08,41.93434028,0.5071191943,202.8476777
2016-06-09,41.77180556,0.4997371633,199.8948653
2016-06-10,41.60350694,0.492093347,196.8373388
2016-06-11,41.46585648,0.4858415137,194.3366055
2016-06-12,41.3022338,0.4784100694,191.3640278
2016-06-13,41.09736111,0.4691051252,187.6420501
2016-06-14,40.89560185,0.4599415872,183.9766349
2016-06-15,40.67576389,0.4499569474,179.9827789
2016-06-16,40.55297454,0.4443800787,177.7520315
2016-06-17,40.40596065,0.4377029756,175.0811903
2016-06-18,40.3056713,0.433148016,173.2592064
2016-06-19,40.13556713,0.4254221946,170.1688778
2016-06-20,40.07340278,0.4225988029,169.0395212
2016-06-21,39.91532407,0.4154191562,166.1676625
2016-06-22,39.70246528,0.4057514974,162.300599
2016-06-23,39.58625,0.4004732112,160.1892845
2016-06-24,39.4821412,0.3957447793,158.2979117
2016-06-25,39.37758102,0.3909958461,156.3983385
2016-06-26,39.19287037,0.382606625,153.04265
2016-06-27,39.09564815,0.3781909687,151.2763875
2016-06-28,38.95696759,0.3718923505,148.7569402
2016-06-29,38.74349537,0.362196831,144.8787324
2016-06-30,38.60144676,0.3557452419,142.2980967
2016-07-01,38.43606481,0.3482338952,139.2935581
2016-07-02,38.32519676,0.3431984701,137.279388
2016-07-03,38.17945602,0.3365791911,134.6316764
2016-07-04,38.05163194,0.3307736545,132.3094618
2016-07-05,37.87803241,0.3228890798,129.1556319
2016-07-06,37.75512731,0.3173069543,126.9227817
2016-07-07,37.65957176,0.3129669951,125.186798
2016-07-08,37.44923611,0.3034139331,121.3655732
2016-07-09,37.41305556,0.3017706782,120.7082713
2016-07-10,37.34226852,0.2985556599,119.4222639
2016-07-11,37.23939815,0.293883475,117.55339
2016-07-12,37.13550926,0.2891650309,115.6660124
2016-07-13,37.0797338,0.286631811,114.6527244
2016-07-14,36.96622685,0.2814765324,112.5906129
2016-07-15,36.86460648,0.2768611203,110.7444481
2016-07-16,36.75878472,0.2720548887,108.8219555
2016-07-17,36.65572917,0.2673742931,106.9497172
2016-07-18,36.54666667,0.262420873,104.9683492
2016-07-19,36.49791667,0.2602067368,104.0826947
2016-07-20,36.34777778,0.253387702,101.3550808
2016-07-21,36.25614583,0.249225946,99.69037839
2016-07-22,36.18047454,0.2457890935,98.31563742
2016-07-23,36.16318287,0.2450037375,98.00149502
2016-07-24,36.06622685,0.2406001718,96.24006872
2016-07-25,35.9956713,0.237395667,94.95826679
2016-07-26,35.88650463,0.2324375158,92.97500633
2016-07-27,35.79211806,0.2281506496,91.26025983
2016-07-28,35.75636574,0.2265268446,90.61073782
2016-07-29,35.63206019,0.2208811127,88.35244506
2016-07-30,35.56268519,0.2177302265,87.09209061
2016-07-31,35.44365741,0.2123242017,84.92968067
2016-08-01,35.39861111,0.210278281,84.11131239
2016-08-02,35.32450231,0.2069123944,82.76495777
2016-08-03,35.20793981,0.201618338,80.6473352
2016-08-04,35.17607639,0.2001711592,80.0684637
2016-08-05,35.10861111,0.1971070092,78.84280369
2016-08-06,35.02853009,0.1934698752,77.38795009
2016-08-07,34.97927083,0.1912326094,76.49304376
2016-08-08,34.93253472,0.1891099404,75.64397615
2016-08-09,34.88505787,0.1869536283,74.7814513
2016-08-10,34.83041667,0.1844719243,73.78876972
2016-08-11,34.7624537,0.1813851703,72.55406813
2016-08-12,34.66538194,0.1769763479,70.79053914
2016-08-13,34.6352662,0.1756085458,70.24341831
2016-08-14,34.57072917,0.1726773911,69.07095644
2016-08-15,34.49011574,0.1690160761,67.60643046
2016-08-16,34.44042824,0.1667593604,66.70374416
2016-08-17,34.4025,0.1650367288,66.01469152
2016-08-18,34.30356481,0.1605432729,64.21730916
2016-08-19,34.25010417,0.1581151876,63.24607506
2016-08-20,34.21636574,0.1565828498,62.63313992
2016-08-21,34.17631944,0.15476402,61.90560799
2016-08-22,34.05998843,0.149480477,59.79219081
2016-08-23,33.98737269,0.1461824023,58.47296094
2016-08-24,33.93066919,0.143607033,57.44281319
2016-08-25,33.91688657,0.1429810516,57.19242063
2016-08-26,33.87069444,0.1408830892,56.35323568
2016-08-27,33.70572917,0.1333906668,53.35626671
2016-08-28,33.68188657,0.1323077797,52.92311186
2016-08-29,33.60490741,0.1288115261,51.52461045
2016-08-30,33.58077546,0.1277154972,51.08619887
2016-08-31,33.49040509,0.1236110396,49.44441582
2016-09-01,33.51643519,0.124793279,49.91731158
2016-09-02,33.49570602,0.123851798,49.54071918
2016-09-03,33.44232639,0.1214273924,48.57095697
2016-09-04,33.38127315,0.1186544654,47.46178618
2016-09-05,33.37311343,0.1182838657,47.31354629
2016-09-06,33.36716435,0.1180136696,47.20546784
2016-09-07,33.33563657,0.1165817354,46.63269415
2016-09-08,33.28803241,0.1144196408,45.76785634
2016-09-09,33.23956019,0.1122181208,44.88724832
2016-09-10,33.1756713,0.1093164038,43.72656154
2016-09-11,33.00710648,0.101660497,40.66419881
2016-09-12,32.92875,0.09810168836,39.24067534
2016-09-13,32.88487269,0.09610886065,38.44354426
2016-09-14,32.82818056,0.09353400739,37.41360295
2016-09-15,32.80047454,0.09227565049,36.9102602
2016-09-16,32.74232639,0.08963466753,35.85386701
2016-09-17,32.71479167,0.0883840906,35.35363624
2016-09-18,32.64100694,0.08503292292,34.01316917
2016-09-19,32.65920139,0.08585928145,34.34371258
2016-09-20,32.53940972,0.08041856216,32.16742486
2016-09-21,32.32450231,0.07065785918,28.26314367
2016-09-22,32.26811343,0.06809677857,27.23871143
2016-09-23,32.34851852,0.07174863141,28.69945256
2016-09-24,32.2865162,0.06893259921,27.57303969
2016-09-25,32.25725694,0.06760369696,27.04147878
2016-09-26,32.27634259,0.06847053233,27.38821293
2016-09-27,32.21377315,0.06562874214,26.25149685
2016-09-28,32.13054398,0.061848625,24.73945
2016-09-29,32.09427083,0.06020116468,24.08046587
2016-09-30,32.03461806,0.05749184418,22.99673767
2016-10-01,32.00606481,0.056195008,22.4780032
2016-10-02,31.95296296,0.05378321861,21.51328745
2016-10-03,31.81148148,0.04735738745,18.94295498
2016-10-04,31.85021991,0.04911681619,19.64672647
2016-10-05,31.80790509,0.04719495438,18.87798175
2016-10-06,31.81928241,0.04771169129,19.08467652
2016-10-07,31.79334491,0.04653365729,18.61346292
2016-10-08,31.83621528,0.04848075142,19.39230057
2016-10-09,31.82425926,0.04793773084,19.17509233
2016-10-10,31.80857639,0.04722544343,18.89017737
2016-10-11,31.68202546,0.0414777309,16.59109236
2016-10-12,31.64152778,0.03963839981,15.85535992
2016-10-13,31.60546296,0.03800040161,15.20016065
2016-10-14,32.32790509,0.07081240715,28.32496286
2016-10-15,32.81011574,0.0927135364,37.08541456
2016-10-16,33.04005787,0.1031570891,41.26283563
2016-10-17,33.40423611,0.1196974014,47.87896055
2016-10-18,33.40491898,0.1197284161,47.89136645
2016-10-19,33.43467593,0.1210799223,48.43196893
2016-10-20,33.35425926,0.1174275438,46.97101752
2016-10-21,33.31125,0.1154741416,46.18965664
2016-10-22,33.2662037,0.1134282209,45.37128835
2016-10-23,33.19436343,0.1101653663,44.06614653
2016-10-24,33.2903588,0.1145253012,45.81012047
2016-10-25,33.77710648,0.1366324944,54.65299776
2016-10-26,34.06076389,0.1495156971,59.80627885
2016-10-27,35.03157407,0.1936081273,77.44325093
2016-10-28,37.03415509,0.2845617093,113.8246837
2016-10-29,37.10246528,0.2876642335,115.0656934
2016-10-30,37.20607639,0.2923700614,116.9480246
2016-10-31,38.47049769,0.3497977735,139.9191094
2016-11-01,39.2381713,0.3846641105,153.8656442
2016-11-02,39.52878472,0.3978632429,159.1452972
2016-11-03,39.74846065,0.4078405233,163.1362093
2016-11-04,39.89171296,0.4143467825,165.738713
2016-11-05,40.10538194,0.4240512384,169.6204954
2016-11-06,40.39472222,0.4371925468,174.8770187
2016-11-07,40.88219907,0.4593328574,183.733143
2016-11-08,41.3515162,0.4806483866,192.2593546
2016-11-09,41.98490741,0.5094158612,203.7663445
2016-11-10,42.40671296,0.5285735012,211.4294005
2016-11-11,42.82740741,0.5476806766,219.0722706
2016-11-12,43.15501157,0.5625598611,225.0239444
2016-11-13,43.67944444,0.5863786467,234.5514587
2016-11-14,43.98976852,0.6004730009,240.1892004
2016-11-15,44.14721065,0.6076237356,243.0494942
2016-11-16,44.30009259,0.6145673551,245.826942
2016-11-17,44.52630787,0.6248416409,249.9366564
2016-11-18,44.7090625,0.6331420233,253.2568093
2016-11-19,44.72466435,0.633850631,253.5402524
2016-11-20,45.19733796,0.6553186054,262.1274421
2016-11-21,45.60592593,0.6738759264,269.5503705
2016-11-22,45.8547338,0.6851763266,274.0705306
2016-11-23,46.16989583,0.6994904122,279.7961649
2016-11-24,46.59673611,0.7188767201,287.5506881
2016-11-25,46.41563657,0.7106515091,284.2606036
2016-11-26,46.41715278,0.7107203723,284.2881489
2016-11-27,47.10146991,0.7418008097,296.7203239
2016-11-28,47.28663194,0.7502105322,300.0842129
2016-11-29,47.5050463,0.7601305142,304.0522057
2016-11-30,47.64413194,0.766447531,306.5790124
2016-12-01,47.79203704,0.7731651108,309.2660443
2016-12-02,48.03813657,0.7843425035,313.7370014
2016-12-03,48.20542824,0.7919405863,316.7762345
2016-12-04,48.40625,0.8010615448,320.4246179
2016-12-05,48.40646991,0.8010715326,320.428613
2016-12-06,48.52196759,0.8063172271,322.5268908
2016-12-07,48.40359954,0.8009411656,320.3764662
2016-12-08,48.47741898,0.8042939103,321.7175641
2016-12-09,48.90628472,0.823772211,329.5088844
2016-12-10,49.20422454,0.8373040947,334.9216379
2016-12-11,49.51417824,0.8513816273,340.5526509
2016-12-12,49.60549769,0.8555291901,342.211676
2016-12-13,49.52788194,0.8520040246,340.8016098
2016-12-14,49.6340625,0.856826552,342.7306208
2016-12-15,49.8321875,0.8658250286,346.3300114
2016-12-16,50.00297454,0.8735818647,349.4327459
2016-12-17,50.19398148,0.8822570522,352.9028209
2016-12-18,50.45834491,0.8942639574,357.705583
2016-12-19,50.52019676,0.8970731559,358.8292623
2016-12-20,50.43256944,0.8930932828,357.2373131
2016-12-21,50.49226852,0.895804706,358.3218824
2016-12-22,50.72471065,0.9063618042,362.5447217
2016-12-23,50.48435185,0.8954451455,358.1780582
2016-12-24,50.69165509,0.904860481,361.9441924
2016-12-25,50.88991898,0.9138652657,365.5461063
2016-12-26,51.00820602,0.9192376475,367.695059
2016-12-27,51.08016204,0.9225057588,369.0023035
2016-12-28,51.13747685,0.9251088932,370.0435573
2016-12-29,51.07179398,0.9221256969,368.8502788
2016-12-30,51.13915509,0.9251851159,370.0740463
2016-12-31,51.14342593,0.9253790893,370.1516357
2017-01-01,51.11603009,0.9241348205,369.6539282
2017-01-02,50.81231481,0.9103406258,364.1362503
2017-01-03,50.79428241,0.9095216267,363.8086507
2017-01-04,51.30828704,0.9328667807,373.1467123
2017-01-05,51.36513889,0.9354488883,374.1795553
2017-01-06,51.36365741,0.9353816021,374.1526408
2017-01-07,51.0290625,0.9201849109,368.0739643
2017-01-08,51.33556713,0.9341057928,373.6423171
2017-01-09,51.20070602,0.9279806468,371.1922587
2017-01-10,51.28163194,0.931656155,372.662462
2017-01-11,51.63074074,0.9475120405,379.0048162
2017-01-12,51.6333912,0.9476324197,379.0529679
2017-01-13,51.58127315,0.9452653126,378.106125
2017-01-14,51.63667824,0.947781711,379.1126844
2017-01-15,51.54876157,0.9437886961,377.5154785
2017-01-16,51.64947917,0.9483631057,379.3452423
2017-01-17,51.56579861,0.9445624873,377.8249949
2017-01-18,51.29586806,0.9323027332,372.9210933
2017-01-19,51.7941088,0.95493192,381.972768
2017-01-20,51.62081019,0.9470610128,378.8244051
2017-01-21,51.55313657,0.9439874007,377.5949603
2017-01-22,51.71138889,0.9511749325,380.469973
2017-01-23,51.85055556,0.957495629,382.9982516
2017-01-24,51.91119213,0.9602496318,384.0998527
2017-01-25,51.90465278,0.9599526263,383.9810505
2017-01-26,51.92890046,0.961053912,384.4215648
2017-01-27,51.87939815,0.958805607,383.5222428
2017-01-28,52.03077546,0.9656808889,386.2723556
2017-01-29,52.12711806,0.970056594,388.0226376
2017-01-30,51.99638889,0.9641191134,385.6476454
2017-01-31,52.02364583,0.9653570741,386.1428297
2017-02-01,51.89537037,0.9595310363,383.8124145
2017-02-02,51.81761574,0.9559995626,382.3998251
2017-02-03,51.72559028,0.9518199337,380.7279735
2017-02-04,51.97684028,0.9632312511,385.2925004
2017-02-05,52.07935185,0.96788714,387.154856
2017-02-06,52.14850694,0.9710280384,388.4112153
2017-02-07,52.25747685,0.9759772531,390.3909012
2017-02-08,52.15326389,0.9712440901,388.497636
2017-02-09,52.21193287,0.9739087284,389.5634914
2017-02-10,52.16702546,0.9718691157,388.7476463
2017-02-11,52.27949074,0.9769770838,390.7908335
2017-02-12,52.2084375,0.973749975,389.49999
2017-02-13,52.08577546,0.9681788887,387.2715555
2017-02-14,52.11427083,0.9694730966,387.7892386
2017-02-15,52.05533565,0.9667963678,386.7185471
2017-02-16,52.09457176,0.9685784005,387.4313602
2017-02-17,52.09951389,0.968802863,387.5211452
2017-02-18,52.28740741,0.9773366444,390.9346577
2017-02-19,52.19770833,0.9732626758,389.3050703
2017-02-20,52.06858796,0.9673982638,386.9593055
2017-02-21,52.29109954,0.9775043342,391.0017337
2017-02-22,52.37903935,0.9814984004,392.5993602
2017-02-23,52.37618056,0.9813685591,392.5474236
2017-02-24,52.26563657,0.9763478528,390.5391411
2017-02-25,52.34319444,0.97987039,391.948156
2017-02-26,52.23253472,0.974844427,389.9377708
2017-02-27,52.32929398,0.9792390563,391.6956225
2017-02-28,52.27016204,0.9765533911,390.6213564
2017-03-01,52.32480369,0.9790351155,391.6140462
2017-03-02,52.38555556,0.9817943545,392.7177418
2017-03-03,52.4784838,0.9860149859,394.4059944
2017-03-04,52.33810185,0.9796390937,391.8556375
2017-03-05,52.2815162,0.9770690766,390.8276307
2017-03-06,52.40568287,0.9827085005,393.0834002
2017-03-07,52.39646991,0.9822900645,392.9160258
2017-03-08,52.39657407,0.9822947955,392.9179182
2017-03-09,52.63204861,0.9929896201,397.195848
2017-03-10,52.41435185,0.9831022298,393.2408919
2017-03-11,52.45417824,0.9849110718,393.9644287
2017-03-12,52.50293981,0.9871257337,394.8502935
2017-03-13,52.43618056,0.9840936498,393.6374599
2017-03-14,52.40417824,0.9826401629,393.0560652
2017-03-15,52.49015046,0.9865448646,394.6179459
2017-03-16,52.49945602,0.986967506,394.7870024
2017-03-17,52.42059028,0.9833855677,393.3542271
2017-03-18,52.42174769,0.9834381351,393.375254
2017-03-19,52.45571759,0.9849809864,393.9923946
2017-03-20,52.31524306,0.9786008888,391.4403555
2017-03-21,52.32993056,0.9792679683,391.7071873
2017-03-22,52.35741898,0.9805164425,392.206577
2017-03-23,52.65474537,0.9940204655,397.6081862
2017-03-24,52.60979167,0.9919787502,396.7915001
2017-03-25,52.67510417,0.994945125,397.97805
2017-03-26,52.6630787,0.9943989503,397.7595801
2017-03-27,52.56502315,0.9899454456,395.9781782
2017-03-28,52.65554398,0.994056737,397.6226948
2017-03-29,52.59438657,0.9912790789,396.5116316
2017-03-30,52.57693287,0.9904863635,396.1945454
2017-03-31,52.61096065,0.9920318432,396.8127373
2017-04-01,52.4847338,0.9862988495,394.5195398
2017-04-02,52.54168981,0.9888856881,395.5542752
2017-04-03,52.44298611,0.9844027457,393.7610983
2017-04-04,52.50956019,0.9874264189,394.9705675
2017-04-05,52.62384259,0.9926169176,397.0467671
2017-04-06,52.51652778,0.9877428742,395.0971497
2017-04-07,52.52168981,0.9879773246,395.1909298
2017-04-08,52.5449537,0.989033928,395.6135712
2017-04-09,52.58078704,0.9906614127,396.2645651
2017-04-10,52.56386574,0.9898928783,395.9571513
2017-04-11,52.60733796,0.9918673074,396.746923
2017-04-12,52.52961806,0.9883374108,395.3349643
2017-04-13,52.64780093,0.9937050615,397.4820246
2017-04-14,52.6974537,0.9959602002,398.3840801
2017-04-15,52.72127315,0.997042036,398.8168144
2017-04-16,52.75086806,0.9983861828,399.3544731
2017-04-17,52.62501157,0.9926700107,397.0680043
2017-04-18,52.58944444,0.9910546164,396.4218466
2017-04-19,52.71907407,0.9969421581,398.7768632
2017-04-20,52.74773148,0.9982437253,399.2974901
2017-04-21,52.72438657,0.9971834421,398.8733769
2017-04-22,52.70707176,0.9963970348,398.5588139
2017-04-23,52.76231481,0.9989060737,399.5624295
2017-04-24,52.76479167,0.9990185678,399.6074271
2017-04-25,52.78640046,1,400
2017-04-26,52.72783565,0.9973400928,398.9360371
2017-04-27,52.67240741,0.9948226431,397.9290572
2017-04-28,52.75009259,0.9983509627,399.3403851
2017-04-29,52.74430556,0.998088126,399.2352504
2017-04-30,52.75866898,0.9987404866,399.4961947
2017-05-01,52.71454861,0.9967366198,398.6946479
2017-05-02,52.69046296,0.9956426935,398.2570774
2017-05-03,52.76228009,0.9989044967,399.5617987
2017-05-04,52.71266204,0.996650935,398.660374
2017-05-05,52.58116898,0.99067876,396.271504
2017-05-06,52.63726852,0.9932266987,397.2906795
2017-05-07,52.61917824,0.9924050713,396.9620285
2017-05-08,52.65488426,0.9940267736,397.6107094
2017-05-09,52.68216435,0.9952657857,398.1063143
2017-05-10,52.5121412,0.987543644,395.0174576
2017-05-11,52.51699074,0.9877639012,395.1055605
2017-05-12,52.50365741,0.9871583255,394.8633302
2017-05-13,52.57358796,0.9903344439,396.1337776
2017-05-14,52.57695602,0.9904874149,396.1949659
2017-05-15,52.62434028,0.9926395216,397.0558086
2017-05-16,52.58258102,0.9907428921,396.2971568
2017-05-17,52.5278588,0.9882575085,395.3030034
2017-05-18,52.57084491,0.9902098593,396.0839437
2017-05-19,52.64295139,0.9934848044,397.3939217
2017-05-20,52.6608912,0.9942995981,397.7198392
2017-05-21,52.63701389,0.9932151339,397.2860536
2017-05-22,52.57821759,0.9905447133,396.2178853
2017-05-23,52.55296296,0.989397694,395.7590776
2017-05-24,52.4365162,0.9841088943,393.6435577
2017-05-25,52.40430556,0.9826459453,393.0583781
2017-05-26,52.36032407,0.9806483866,392.2593546
2017-05-27,52.3781713,0.9814589749,392.5835899
2017-05-28,51.89208333,0.959381745,383.752698
2017-05-29,51.8078588,0.95555642,382.222568
2017-05-30,51.65835648,0.9487662972,379.5065189
2017-05-31,51.52653935,0.9427794033,377.1117613
2017-06-01,51.55917824,0.9442618022,377.7047209
2017-06-02,51.3653588,0.935458876,374.1835504
2017-06-03,51.17142361,0.9266506932,370.6602773
2017-06-04,50.31923611,0.8879458893,355.1783557
2017-06-05,50.0090162,0.8738562662,349.5425065
2017-06-06,49.86266204,0.8672091265,346.8836506
2017-06-07,49.69857639,0.8597566553,343.9026621
2017-06-08,49.39730324,0.8460733777,338.4293511
2017-06-09,48.81405093,0.81958312,327.833248
2017-06-10,48.52637731,0.8065175086,322.6070034
2017-06-11,48.31414352,0.7968782362,318.7512945
2017-06-12,47.99943287,0.7825846518,313.0338607
2017-06-13,47.89737269,0.7779492641,311.1797056
2017-06-14,47.72918981,0.7703107045,308.1242818
2017-06-15,47.5440162,0.7619004564,304.7601826
2017-06-16,47.30538194,0.751062123,300.4248492
2017-06-17,46.91153935,0.7331745099,293.269804
2017-06-18,46.61479167,0.7196967706,287.8787082
2017-06-19,46.36733796,0.7084578741,283.3831496
2017-06-20,46.00054398,0.6917987596,276.7195038
2017-06-21,45.72140046,0.6791205695,271.6482278
2017-06-22,45.39523148,0.6643065685,265.7226274
2017-06-23,45.07770833,0.6498852455,259.9540982
2017-06-24,44.7218287,0.633721841,253.4887364
2017-06-25,44.45247685,0.6214883705,248.5953482
2017-06-26,44.22813657,0.6112992438,244.5196975
2017-06-27,44.07836806,0.6044970305,241.7988122
2017-06-28,43.95534722,0.5989096483,239.5638593
2017-06-29,43.73211806,0.5887709862,235.5083945
2017-06-30,43.53481481,0.5798098324,231.923933
2017-07-01,43.29664352,0.568992526,227.5970104
2017-07-02,43.12652778,0.5612661789,224.5064716
2017-07-03,42.96238426,0.5538110793,221.5244317
2017-07-04,42.71325231,0.5424959602,216.9983841
2017-07-05,42.56679398,0.5358440895,214.3376358
2017-07-06,42.39818287,0.52818608,211.274432
2017-07-07,42.23519676,0.5207835477,208.3134191
2017-07-08,42.05659722,0.512671882,205.0687528
2017-07-09,41.87684028,0.5045076491,201.8030596
2017-07-10,41.73296296,0.4979730035,199.1892014
2017-07-11,41.61201389,0.4924797169,196.9918868
2017-07-12,41.51325231,0.4879941461,195.1976584
2017-07-13,41.40688657,0.4831632079,193.2652832
2017-07-14,41.27040509,0.4769644676,190.7857871
2017-07-15,41.10627315,0.4695098937,187.8039575
2017-07-16,40.94628472,0.4622435108,184.8974043
2017-07-17,40.76945602,0.4542122732,181.6849093
2017-07-18,40.75217347,0.4534273313,181.3709325
2017-07-19,40.72574008,0.4522267749,180.89071
2017-07-20,40.5707963,0.4451895105,178.0758042
2017-07-21,40.43147531,0.438861805,175.544722
2017-07-22,40.26976736,0.4315173246,172.6069298
2017-07-23,40.2562037,0.430901288,172.3605152
2017-07-24,40.11837647,0.424641426,169.8565704
2017-07-25,39.98324566,0.4185040307,167.4016123
2017-07-26,39.88925926,0.4142353398,165.6941359
2017-07-27,39.74039947,0.4074743993,162.9897597
2017-07-28,39.65261111,0.4034872119,161.3948848
2017-07-29,39.54555397,0.3986248715,159.4499486
2017-07-30,39.42138889,0.3929855198,157.1942079
2017-07-31,39.29701852,0.3873368441,154.9347377
2017-08-01,39.21253205,0.3834996227,153.3998491
2017-08-02,39.11179487,0.3789243235,151.5697294
2017-08-03,38.98203125,0.3730306962,149.2122785
2017-08-04,38.82816739,0.3660424798,146.4169919
2017-08-05,38.78822631,0.3642284289,145.6913715
2017-08-06,38.65613725,0.3582291846,143.2916738
2017-08-07,38.56176587,0.3539430083,141.5772033
2017-08-08,38.3727662,0.3453589876,138.143595
2017-08-09,38.25003472,0.3397847473,135.9138989
2017-08-10,38.07744213,0.3319459061,132.7783624
2017-08-11,37.93701389,0.3255679112,130.2271645
2017-08-12,37.87619213,0.3228054977,129.1221991
2017-08-13,37.72224537,0.3158135163,126.3254065
2017-08-14,37.6174537,0.3110540697,124.4216279
2017-08-15,37.51649306,0.306468621,122.5874484
2017-08-16,37.42666667,0.30238887,120.955548
2017-08-17,37.35054398,0.2989315163,119.5726065
2017-08-18,37.23971065,0.2938976682,117.5590673
2017-08-19,37.14422454,0.289560863,115.8243452
2017-08-20,36.99119213,0.2826104098,113.0441639
2017-08-21,36.9408912,0.2803258334,112.1303334
2017-08-22,36.80074074,0.2739604546,109.5841819
2017-08-23,36.76256944,0.2722267839,108.8907136
2017-08-24,36.65341435,0.2672691584,106.9076634
2017-08-25,36.61359954,0.2654608421,106.1843368
2017-08-26,36.51960648,0.2611918487,104.4767395
2017-08-27,36.44017466,0.2575842002,103.0336801
2017-08-28,36.39268519,0.2554273146,102.1709258
2017-08-29,36.30918981,0.251635107,100.6540428
2017-08-30,36.20541667,0.2469219196,98.76876785
2017-08-31,36.13061869,0.2435247316,97.40989266
2017-09-01,36.11123737,0.2426444677,97.05778708
2017-09-02,35.96400966,0.2359576532,94.38306129
2017-09-03,35.92164352,0.2340334602,93.61338406
2017-09-04,35.75590278,0.2265058176,90.60232705
2017-09-05,35.72445602,0.2250775631,90.03102524
2017-09-06,35.66403935,0.2223335482,88.93341926
2017-09-07,35.63873843,0.2211844262,88.47377048
2017-09-08,35.52144676,0.2158572523,86.34290094
2017-09-09,35.42021991,0.2112597131,84.50388525
2017-09-10,35.33466435,0.2073739356,82.94957426
2017-09-11,35.28435185,0.2050888335,82.03553342
2017-09-12,35.1697338,0.1998830902,79.9532361
2017-09-13,35.15142361,0.199051475,79.62058999
2017-09-14,35.0916088,0.1963347951,78.53391802
2017-09-15,34.94267361,0.1895704302,75.8281721
2017-09-16,34.88557568,0.1869771464,74.79085857
2017-09-17,34.83283565,0.18458179,73.83271602
2017-09-18,34.61965278,0.1748994124,69.95976496
2017-09-19,34.62247685,0.1750276767,70.01107068
2017-09-20,34.55788194,0.1720938937,68.83755747
2017-09-21,34.50100694,0.1695107348,67.80429391
2017-09-22,34.42892361,0.1662368411,66.49473643
2017-09-23,34.35318287,0.1627968346,65.11873384
2017-09-24,34.35430719,0.1628478991,65.13915965
2017-09-25,34.1544213,0.153769446,61.50777839
2017-09-26,34.2146026,0.1565027714,62.60110856
2017-09-27,34.16643974,0.154315302,61.7261208
2017-09-28,34.07866898,0.1503289138,60.13156553
2017-09-29,33.96431713,0.145135261,58.05410441
2017-09-30,33.95097222,0.1445291596,57.81166385
2017-10-01,33.93011574,0.1435818962,57.43275849
2017-10-02,33.79612269,0.1374961757,54.99847029
2017-10-03,33.679375,0.1321937085,52.87748341
2017-10-04,33.6265162,0.1297929583,51.91718332
2017-10-05,33.52381944,0.1251286586,50.05146342
2017-10-06,33.51486111,0.1247217874,49.88871495
2017-10-07,33.40405093,0.1196889906,47.87559625
2017-10-08,33.28706019,0.1143754843,45.75019371
2017-10-09,33.26502315,0.1133746022,45.34984088
2017-10-10,33.11371528,0.1065024743,42.60098974
2017-10-11,33.00556713,0.1015905825,40.63623298
2017-10-12,32.9628125,0.09964874506,39.85949802
2017-10-13,32.84913194,0.09448558131,37.79423252
2017-10-14,32.79391204,0.0919775937,36.79103748
2017-10-15,32.71461806,0.0883762055,35.3504822
2017-10-16,32.60190972,0.08325719831,33.30287932
2017-10-17,32.5330787,0.08013101883,32.05240753
2017-10-18,32.47148148,0.0773333852,30.93335408
2017-10-19,32.38688657,0.0734912386,29.39649544
2017-10-20,32.29541667,0.06933684203,27.73473681
2017-10-21,32.16423611,0.06337886015,25.35154406
2017-10-22,32.06927083,0.05906571022,23.62628409
2017-10-23,32.16157407,0.06325795528,25.30318211
2017-10-24,32.05810185,0.05855843543,23.42337417
2017-10-25,32.06225694,0.05874715216,23.49886087
2017-10-26,32.0059375,0.05618922559,22.47569024
2017-10-27,31.96028935,0.05411596985,21.64638794
2017-10-28,31.91462963,0.05204218844,20.81687538
2017-10-29,31.82208333,0.04783890424,19.1355617
2017-10-30,31.77584491,0.04573883917,18.29553567
2017-10-31,31.74328704,0.04426012,17.704048
2017-11-01,31.68821759,0.04175896615,16.70358646
2017-11-02,31.61159722,0.0382790085,15.3116034
2017-11-03,31.51644676,0.03395744779,13.58297912
2017-11-04,31.60225694,0.03785479009,15.14191604
2017-11-05,31.66341435,0.04063244813,16.25297925
2017-11-06,31.53934028,0.0349972297,13.99889188
2017-11-07,31.58211806,0.03694011844,14.77604738
2017-11-08,31.54759259,0.03537203481,14.14881392
2017-11-09,31.41482639,0.02934203568,11.73681427
2017-11-10,31.43670139,0.03033555833,12.13422333
2017-11-11,31.45976852,0.03138322534,12.55329014
2017-11-12,31.4709838,0.03189260283,12.75704113
2017-11-13,31.39525463,0.02845312203,11.38124881
2017-11-14,31.53826389,0.03494834208,13.97933683
2017-11-15,31.43266204,0.03015209833,12.06083933
2017-11-16,31.75597222,0.044836258,17.9345032
2017-11-17,31.95387731,0.05382474681,21.52989872
2017-11-18,32.03725694,0.0576116977,23.04467908
2017-11-19,31.91722222,0.05215993927,20.86397571
2017-11-20,32.7655787,0.09069074531,36.27629812
2017-11-21,35.93828704,0.2347893785,93.91575138
2017-11-22,36.11697917,0.2429052495,97.16209979
2017-11-23,36.12451389,0.2432474628,97.29898514
2017-11-24,36.23716435,0.2483638417,99.34553667
2017-11-25,36.33744213,0.2529182757,101.1673103
2017-11-26,36.44105324,0.2576241036,103.0496414
2017-11-27,36.64211806,0.2667561012,106.7024405
2017-11-28,36.58217593,0.2640336389,105.6134556
2017-11-29,36.81171296,0.274458793,109.7835172
2017-11-30,36.81230324,0.2744856023,109.7942409
2017-12-01,36.83420139,0.2754801763,110.1920705
2017-12-02,37.03103009,0.2844197775,113.767911
2017-12-03,37.23787037,0.2938140862,117.5256345
2017-12-04,37.23319444,0.2936017141,117.4406856
2017-12-05,37.36356481,0.2995228989,119.8091595
2017-12-06,37.52141204,0.3066920322,122.6768129
2017-12-07,37.6850463,0.3141240021,125.6496009
2017-12-08,37.92731481,0.3251273969,130.0509588
2017-12-09,38.08625,0.3323459435,132.9383774
2017-12-10,38.22482639,0.3386398307,135.4559323
2017-12-11,38.33881944,0.3438171876,137.5268751
2017-12-12,38.43574074,0.3482191764,139.2876705
2017-12-13,38.46732639,0.349653739,139.8614956
2017-12-14,38.60060185,0.3557068677,142.2827471
2017-12-15,38.66625,0.358688487,143.4753948
2017-12-16,38.7830787,0.3639946339,145.5978536
2017-12-17,38.9240625,0.3703978611,148.1591445
2017-12-18,39.02041667,0.3747740919,149.9096367
2017-12-19,39.02518519,0.3749906693,149.9962677
2017-12-20,39.16969907,0.3815542269,152.6216908
2017-12-21,39.27832176,0.3864876714,154.5950686
2017-12-22,39.31489583,0.3881487992,155.2595197
2017-12-23,39.49447917,0.3963051471,158.5220588
2017-12-24,39.67649306,0.4045718864,161.8287545
2017-12-25,39.68622685,0.4050139777,162.0055911
2017-12-26,39.76537037,0.4086085321,163.4434128
2017-12-27,39.76951389,0.4087967232,163.5186893
2017-12-28,39.79887731,0.4101303565,164.0521426
2017-12-29,39.85295139,0.4125863024,165.034521
2017-12-30,39.87247685,0.4134731134,165.3892454
2017-12-31,39.90108796,0.4147725779,165.9090312
2018-01-01,40.0974537,0.4236911522,169.4764609
2018-01-02,39.96434028,0.4176453829,167.0581531
2018-01-03,40.21809028,0.4291702456,171.6680983
2018-01-04,40.40351852,0.4375920585,175.0368234
2018-01-05,40.64756944,0.448676407,179.4705628
2018-01-06,40.55616898,0.4445251645,177.8100658
2018-01-07,40.52908565,0.4432950888,177.3180355
2018-01-08,40.901875,0.4602265021,184.0906009
2018-01-09,40.9647338,0.4630814342,185.2325737
2018-01-10,41.19321759,0.473458752,189.3835008
2018-01-11,41.41914352,0.483719896,193.4879584
2018-01-12,41.35395833,0.4807593036,192.3037215
2018-01-13,41.36378472,0.4812056003,192.4822401
2018-01-14,41.44936343,0.4850924291,194.0369717
2018-01-15,41.70954861,0.4969095663,198.7638265
2018-01-16,41.69325231,0.4961694182,198.4677673
2018-01-17,41.80725694,0.5013473008,200.5389203
2018-01-18,42.12887731,0.5159547122,206.3818849
2018-01-19,42.29380787,0.5234455576,209.378223
2018-01-20,43.39186343,0.5733172407,229.3268963
2018-01-21,43.98043981,0.6000493082,240.0197233
2018-01-22,44.33078704,0.6159614408,246.3845763
2018-01-23,44.50476852,0.6238633628,249.5453451
2018-01-24,44.77622685,0.6361925058,254.4770023
2018-01-25,45.07811343,0.6499036441,259.9614576
2018-01-26,45.36564815,0.6629629474,265.185179
2018-01-27,45.42086806,0.665470935,266.188374
2018-01-28,45.65362269,0.6760422263,270.4168905
2018-01-29,46.02378472,0.6928543117,277.1417247
2018-01-30,46.11314815,0.6969130358,278.7652143
2018-01-31,46.24324074,0.7028216043,281.1286417
2018-02-01,46.34458333,0.7074244003,282.9697601
2018-02-02,46.58446759,0.7183195064,287.3278025
2018-02-03,46.70903935,0.7239773288,289.5909315
2018-02-04,46.59986111,0.7190186519,287.6074608
2018-02-05,46.47112269,0.7131715871,285.2686349
2018-02-06,46.34258102,0.7073334588,282.9333835
2018-02-07,46.22854167,0.7021539992,280.8615997
2018-02-08,46.34740741,0.7075526646,283.0210658
2018-02-09,46.31038194,0.7058710355,282.3484142
2018-02-10,46.37400463,0.708760662,283.5042648
2018-02-11,46.39197917,0.7095770327,283.8308131
2018-02-12,46.50290509,0.7146150862,285.8460345
2018-02-13,46.44275463,0.7118831617,284.7532647
2018-02-14,46.58552083,0.7183673426,287.3469371
2018-02-15,46.60033565,0.7190402046,287.6160818
2018-02-16,46.58017361,0.7181244816,287.2497926
2018-02-17,46.57130787,0.7177218158,287.0887263
2018-02-18,46.74039352,0.7254013779,290.1605512
2018-02-19,46.73559028,0.7251832235,290.0732894
2018-02-20,46.76271991,0.7264154018,290.5661607
2018-02-21,46.85648148,0.7306738817,292.2695527
2018-02-22,46.82234954,0.729123671,291.6494684
2018-02-23,46.80636574,0.7283977161,291.3590864
2018-02-24,46.86512731,0.7310665597,292.4266239
2018-02-25,46.87483796,0.7315075997,292.6030399
2018-02-26,46.88930556,0.7321646914,292.8658765
2018-02-27,46.89028935,0.7322093736,292.8837494
2018-02-28,46.79803241,0.7280192312,291.2076925
2018-03-01,46.98185185,0.7363679756,294.5471902
2018-03-02,47.13585648,0.7433625853,297.3450341
2018-03-03,47.41329861,0.7559635014,302.3854006
2018-03-04,47.74994213,0.7712532368,308.5012947
2018-03-05,47.8805787,0.7771865121,310.8746048
2018-03-06,48.00246528,0.7827223782,313.0889513
2018-03-07,48.00694444,0.7829258138,313.1703255
2018-03-08,48.20200231,0.791784987,316.7139948
2018-03-09,48.27387731,0.7950494186,318.0197674
2018-03-10,48.39515046,0.800557424,320.2229696
2018-03-11,48.48344907,0.8045677861,321.8271144
2018-03-12,48.4447338,0.8028094087,321.1237635
2018-03-13,48.34005787,0.7980552188,319.2220875
2018-03-14,48.543125,0.807278158,322.9112632
2018-03-15,48.59722222,0.8097351552,323.8940621
2018-03-16,48.91142361,0.82400561,329.602244
2018-03-17,48.92546296,0.8246432518,329.8573007
2018-03-18,49.14729167,0.8347183074,333.887323
2018-03-19,49.10236111,0.8326776434,333.0710574
2018-03-20,49.17851852,0.8361365741,334.4546297
2018-03-21,49.13788194,0.834290935,333.716374
2018-03-22,49.25795139,0.8397442704,335.8977082
2018-03-23,49.32520833,0.8427989583,337.1195833
2018-03-24,49.43798611,0.8479211196,339.1684478
2018-03-25,49.69068287,0.8593981461,343.7592584
2018-03-26,49.85811343,0.8670025369,346.8010148
2018-03-27,49.88148148,0.8680638714,347.2255486
2018-03-28,49.9140625,0.8695436419,347.8174568
2018-03-29,49.99384259,0.8731671084,349.2668434
2018-03-30,50.08371528,0.8772489621,350.8995848
2018-03-31,50.08327546,0.8772289865,350.8915946
2018-04-01,50.13173611,0.8794299808,351.7719923
2018-04-02,50.10326389,0.8781368244,351.2547297
2018-04-03,50.06072917,0.8762049748,350.4819899
2018-04-04,50.12693287,0.8792118264,351.6847306
2018-04-05,49.96046296,0.8716510664,348.6604266
2018-04-06,50.07258102,0.8767432643,350.6973057
2018-04-07,50.41332176,0.892219088,356.8876352
2018-04-08,50.5919213,0.9003307537,360.1323015
2018-04-09,50.68143519,0.9043963115,361.7585246
2018-04-10,50.65917824,0.9033854416,361.3541766
2018-04-11,50.54260417,0.8980908595,359.2363438
2018-04-12,50.86094907,0.9125495053,365.0198021
2018-04-13,50.94954861,0.9165735349,366.6294139
2018-04-14,50.97804398,0.9178677427,367.1470971
2018-04-15,50.94893519,0.9165456742,366.6182697
2018-04-16,51.04068287,0.9207126869,368.2850748
2018-04-17,51.07395833,0.9222239978,368.8895991
2018-04-18,51.10859954,0.9237973382,369.5189353
2018-04-19,51.09206019,0.923046151,369.2184604
2018-04-20,51.22230324,0.9289615533,371.5846213
2018-04-21,51.25329861,0.9303693066,372.1477226
2018-04-22,51.2644213,0.9308744787,372.3497915
2018-04-23,51.46896991,0.940164704,376.0658816
2018-04-24,51.37959491,0.9361054543,374.4421817
2018-04-25,51.2580787,0.9305864097,372.2345639
2018-04-26,51.25732639,0.9305522409,372.2208964
2018-04-27,51.33216435,0.9339512448,373.5804979
2018-04-28,51.26796296,0.9310353347,372.4141339
2018-04-29,51.30200231,0.9325813401,373.032536
2018-04-30,51.39747685,0.9369176196,374.7670478
2018-05-01,51.34829861,0.9346840335,373.8736134
2018-05-02,51.37569444,0.9359283024,374.3713209
2018-05-03,51.20699074,0.9282660874,371.306435
2018-05-04,50.98856481,0.9183455798,367.3382319
2018-05-05,50.90695602,0.9146390569,365.8556228
2018-05-06,50.8046875,0.9099942071,363.9976828
2018-05-07,50.8002662,0.9097933999,363.9173599
2018-05-08,50.83359954,0.9113073391,364.5229357
2018-05-09,50.82489583,0.9109120328,364.3648131
2018-05-10,50.79333333,0.9094785215,363.7914086
2018-05-11,50.8383912,0.9115249679,364.6099872
2018-05-12,50.67185185,0.9039610539,361.5844216
2018-05-13,50.55019676,0.8984357012,359.3742805
2018-05-14,50.67065972,0.9039069096,361.5627638
2018-05-15,50.66292824,0.9035557598,361.4223039
2018-05-16,50.67712963,0.904200761,361.6803044
2018-05-17,50.58699074,0.9001068168,360.0427267
2018-05-18,50.20055556,0.8825556346,353.0222539
2018-05-19,50.17636574,0.8814569773,352.5827909
2018-05-20,50.11071759,0.878475358,351.3901432
2018-05-21,50.16135417,0.880775179,352.3100716
2018-05-22,50.01657407,0.8741995309,349.6798124
2018-05-23,50.16078704,0.880749421,352.2997684
2018-05-24,49.986875,0.872850653,349.1402612
2018-05-25,50.24576389,0.8846089148,353.8435659
2018-05-26,50.12158565,0.8789689653,351.5875861
2018-05-27,50.08056713,0.8771059789,350.8423916
2018-05-28,50.02177083,0.8744355582,349.7742233
2018-05-29,49.95594907,0.8714460538,348.5784215
2018-05-30,49.57831019,0.8542943834,341.7177534
2018-05-31,49.19704861,0.8369781772,334.7912709
2018-06-01,49.08861111,0.8320531435,332.8212574
2018-06-02,49.03398148,0.8295719652,331.8287861
2018-06-03,48.86466435,0.8218818896,328.7527558
2018-06-04,48.55097222,0.8076345645,323.0538258
2018-06-05,48.49283565,0.8049941072,321.9976429
2018-06-06,48.19798611,0.7916025783,316.6410313
2018-06-07,47.9600463,0.7807957854,312.3183141
2018-06-08,47.7496875,0.771241672,308.4966688
2018-06-09,47.51894676,0.7607618479,304.3047392
2018-06-10,47.1884375,0.7457507194,298.3002878
2018-06-11,47.05686343,0.7397748646,295.9099458
2018-06-12,46.98328704,0.7364331591,294.5732636
2018-06-13,46.51439604,0.7151369843,286.0547937
2018-06-14,45.36446759,0.6629093287,265.1637315
2018-06-15,45.17600694,0.6543497894,261.7399157
2018-06-16,44.94821759,0.6440040119,257.6016048
2018-06-17,44.7022338,0.632831876,253.1327504
2018-06-18,44.56386574,0.626547451,250.6189804
2018-06-19,44.37475694,0.6179584739,247.1833896
2018-06-20,44.05804398,0.603573948,241.4295792
2018-06-21,43.81857639,0.5926977662,237.0791065
2018-06-22,43.53074074,0.5796247954,231.8499182
2018-06-23,43.22092593,0.5655535708,226.2214283
2018-06-24,42.91840278,0.5518135205,220.7254082
2018-06-25,42.77229167,0.54517742,218.070968
2018-06-26,42.60172454,0.5374305717,214.9722287
2018-06-27,42.42523148,0.5294145786,211.7658314
2018-06-28,42.33696759,0.5254057936,210.1623174
2018-06-29,42.1603588,0.5173845437,206.9538175
2018-06-30,42.12340278,0.5157060687,206.2824275
2018-07-01,41.92194444,0.5065561982,202.6224793
2018-07-02,41.81633102,0.5017594287,200.7037715
2018-07-03,41.68771991,0.4959181463,198.3672585
2018-07-04,41.52445602,0.4885029979,195.4011992
2018-07-05,41.48215278,0.4865816618,194.6326647
2018-07-06,41.08539352,0.468561579,187.4246316
2018-07-07,40.96788194,0.4632244173,185.2897669
2018-07-08,40.85645833,0.4581637599,183.2655039
2018-07-09,40.72107639,0.4520149586,180.8059834
2018-07-10,40.56538194,0.4449436005,177.9774402
2018-07-11,40.37960648,0.4365060174,174.602407
2018-07-12,40.25555556,0.4308718503,172.3487401
2018-07-13,40.17501157,0.4272136894,170.8854758
2018-07-14,40.14318287,0.4257680876,170.3072351
2018-07-15,39.90894676,0.4151295101,166.0518041
2018-07-16,39.74186343,0.4075408895,163.0163558
2018-07-17,39.56993056,0.3997320117,159.8928047
2018-07-18,39.40439815,0.3922138313,156.8855325
2018-07-19,39.29278935,0.3871447631,154.8579052
2018-07-20,39.12793981,0.3796575974,151.863039
2018-07-21,39.02813657,0.375124716,150.0498864
2018-07-22,38.90892361,0.3697102804,147.8841122
2018-07-23,38.76215278,0.3630442165,145.2176866
2018-07-24,38.59890278,0.3556296989,142.2518795
2018-07-25,38.41780093,0.3474043826,138.9617531
2018-07-26,38.20427083,0.3377062348,135.0824939
2018-07-27,38.06982639,0.331600013,132.6400052
2018-07-28,37.93087963,0.3252893043,130.1157217
2018-07-29,37.81225694,0.3199016781,127.9606712
2018-07-30,37.69747685,0.3146885753,125.8754301
2018-07-31,37.60402778,0.3104442886,124.1777154
2018-08-01,37.49988426,0.3057142797,122.2857119
2018-08-02,37.36059028,0.2993878008,119.7551203
2018-08-03,37.31075231,0.2971242513,118.8497005
2018-08-04,37.20091435,0.2921356111,116.8542444
2018-08-05,37.10443287,0.287753598,115.1014392
2018-08-06,37.02969907,0.2843593251,113.74373
2018-08-07,36.98128472,0.2821604334,112.8641734
2018-08-08,36.88856481,0.2779492641,111.1797056
2018-08-09,36.82444444,0.2750370337,110.0148135
2018-08-10,36.75974537,0.2720985196,108.8394078
2018-08-11,36.64319444,0.2668049889,106.7219955
2018-08-12,36.55399306,0.2627536243,105.1014497
2018-08-13,36.50074074,0.2603350011,104.1340004
2018-08-14,36.43898148,0.2575300081,103.0120032
2018-08-15,36.35306713,0.2536279347,101.4511739
2018-08-16,36.32962963,0.2525634461,101.0253785
2018-08-17,36.24695602,0.2488085613,99.52342453
2018-08-18,36.18457176,0.2459751819,98.39007276
2018-08-19,36.09011574,0.2416851616,96.67406464
2018-08-20,36.01069444,0.238077991,95.2311964
2018-08-21,35.92449074,0.2341627758,93.66511032
2018-08-22,35.86730324,0.2315654237,92.62616949
2018-08-23,35.79082176,0.2280917742,91.23670966
2018-08-24,35.69244213,0.2236235506,89.44942023
2018-08-25,35.62767361,0.2206818825,88.27275298
2018-08-26,35.57828704,0.2184388342,87.37553369
2018-08-27,35.5268287,0.2161016905,86.44067618
2018-08-28,35.44521991,0.2123951676,84.95806704
2018-08-29,35.37787037,0.2093362743,83.73450972
2018-08-30,35.3280787,0.2070748275,82.829931
2018-08-31,35.23511574,0.2028526191,81.14104762
2018-09-01,35.18921296,0.2007677985,80.3071194
2018-09-02,35.11837963,0.1975506775,79.02027102
2018-09-03,35.020625,0.1931108403,77.24433613
2018-09-04,34.90805556,0.1879981412,75.19925649
2018-09-05,34.8637963,0.1859879663,74.39518651
2018-09-06,34.80412037,0.1832775944,73.31103777
2018-09-07,34.75788194,0.1811775294,72.47101174
2018-09-08,34.66861111,0.1771230107,70.84920429
2018-09-09,34.61803241,0.1748258181,69.93032725
2018-09-10,34.5165162,0.1702151371,68.08605483
2018-09-11,34.4850463,0.1687858312,67.51433248
2018-09-12,34.41572917,0.1656375734,66.25502938
2018-09-13,34.30788194,0.1607393491,64.29573963
2018-09-14,34.23512731,0.1574349663,62.97398653
2018-09-15,34.15847222,0.1539534316,61.58137266
2018-09-16,34.12388889,0.1523827196,60.95308786
2018-09-17,34.05471065,0.14924077,59.69630799
2018-09-18,33.96114583,0.1449912265,57.9964906
2018-09-19,33.89496528,0.1419854262,56.79417049
2018-09-20,33.8699537,0.1408494461,56.33977844
2018-09-21,33.79357639,0.1373805276,54.95221103
2018-09-22,33.73596065,0.1347637256,53.90549024
2018-09-23,33.65103009,0.1309063345,52.36253379
2018-09-24,33.5644213,0.1269727207,50.78908828
2018-09-25,33.45493056,0.1219998507,48.79994028
2018-09-26,33.41834491,0.1203381972,48.13527889
2018-09-27,33.33729167,0.1166569067,46.66276267
2018-09-28,33.24217593,0.112336923,44.93476919
2018-09-29,33.13251157,0.1073561679,42.94246715
2018-09-30,33.21042824,0.110895001,44.35800038
2018-10-01,33.04533565,0.1033967961,41.35871845
2018-10-02,33.10068287,0.1059105661,42.36422646
2018-10-03,33.3505787,0.1172603797,46.90415187
2018-10-04,33.30287037,0.1150935541,46.03742164
2018-10-05,33.09671296,0.1057302602,42.29210407
2018-10-06,33.04988426,0.1036033858,41.4413543
2018-10-07,32.87195602,0.09552220917,38.20888367
2018-10-08,32.75822917,0.09035694273,36.14277709
2018-10-09,32.6452662,0.08522637072,34.09054829
2018-10-10,32.57719907,0.08213488568,32.85395427
2018-10-11,32.48997685,0.07817341123,31.26936449
2018-10-12,32.43431713,0.07564544804,30.25817921
2018-10-13,32.35023148,0.07182643107,28.73057243
2018-10-14,32.33501157,0.0711351706,28.45406824
2018-10-15,32.27407407,0.06836750035,27.34700014
2018-10-16,32.21944444,0.06588632208,26.35452883
2018-10-17,32.1553125,0.06297356599,25.1894264
2018-10-18,32.14142361,0.06234275796,24.93710318
2018-10-19,32.08900463,0.0599619833,23.98479332
2018-10-20,32.05189815,0.05827667451,23.3106698
2018-10-21,31.99114583,0.05551741503,22.20696601
2018-10-22,31.95476852,0.05386522366,21.54608946
2018-10-23,31.96760417,0.05444819542,21.77927817
2018-10-24,32.00447917,0.05612299074,22.4491963
2018-10-25,31.88275463,0.050594484,20.2377936
2018-10-26,31.825,0.04797137393,19.18854957
2018-10-27,31.83081019,0.04823526196,19.29410478
2018-10-28,31.865,0.04978810107,19.91524043
2018-10-29,31.84383102,0.04882664449,19.5306578
2018-10-30,31.77199074,0.04556378994,18.22551597
2018-10-31,31.7643287,0.04521579417,18.08631767
2018-11-01,31.82215278,0.04784205828,19.13682331
2018-11-02,31.76648148,0.04531356942,18.12542777
2018-11-03,31.65469907,0.04023661609,16.09464644
2018-11-04,31.61501157,0.03843408214,15.37363286
2018-11-05,31.64417824,0.03975877901,15.9035116
2018-11-06,31.61528935,0.0384466983,15.37867932
2018-11-07,31.59574074,0.03755883599,15.0235344
2018-11-08,31.50738426,0.03354584555,13.41833822
2018-11-09,31.60489583,0.03797464362,15.18985745
2018-11-10,31.72084491,0.04324083935,17.29633574
2018-11-11,31.69365741,0.04200603263,16.80241305
2018-11-12,31.64010417,0.03957374198,15.82949679
2018-11-13,31.69690972,0.04215374684,16.86149874
2018-11-14,31.74055556,0.04413606109,17.65442443
2018-11-15,31.74240741,0.04422016883,17.68806753
2018-11-16,31.66465278,0.04068869518,16.27547807
2018-11-17,31.64306713,0.03970831437,15.88332575
2018-11-18,31.6259838,0.03893242048,15.57296819
2018-11-19,31.59950231,0.03772967983,15.09187193
2018-11-20,31.36343013,0.02700771144,10.80308457
2018-11-21,30.96706019,0.009005310352,3.602124141
2018-11-22,30.88804398,0.005416538315,2.166615326
2018-11-23,31.31106481,0.024629374,9.851749599
2018-11-24,34.2099537,0.1562916268,62.5166507
2018-11-25,34.99881944,0.1921204717,76.84818869
2018-11-26,35.21396991,0.2018922138,80.75688553
2018-11-27,35.40364583,0.2105069489,84.20277955
2018-11-28,36.02847222,0.2388854253,95.55417011
2018-11-29,36.39425926,0.2554988062,102.1995225
2018-11-30,36.59349537,0.2645477474,105.819099
2018-12-01,36.77434028,0.2727613937,109.1045575
2018-12-02,37.05435101,0.2854789711,114.1915884
2018-12-03,37.05435101,0.2854789711,114.1915884
2018-12-04,36.85215812,0.2762957383,110.5182953
2018-12-05,36.85215812,0.2762957383,110.5182953
2018-12-06,36.86784722,0.2770083088,110.8033235
2018-12-07,36.96486111,0.2814145029,112.5658012
2018-12-08,37.20177083,0.2921745109,116.8698044
2018-12-09,37.36597222,0.2996322389,119.8528956
2018-12-10,37.70547454,0.3150518156,126.0207262
2018-12-11,37.99952546,0.328407073,131.3628292
2018-12-12,38.46759259,0.3496658294,139.8663318
2018-12-13,38.5596875,0.3538486124,141.539445
2018-12-14,38.76324074,0.3630936298,145.2374519
2018-12-15,39.08240741,0.3775895984,151.0358394
2018-12-16,39.32275463,0.3885057314,155.4022926
2018-12-17,40.05505787,0.4217656107,168.7062443
2018-12-18,41.61525463,0.4926269054,197.0507622
2018-12-19,42.80605324,0.5467108092,218.6843237
2018-12-20,43.13334641,0.5615758685,224.6303474
2018-12-21,43.13334641,0.5615758685,224.6303474
2018-12-22,43.13334641,0.5615758685,224.6303474
2018-12-23,43.13334641,0.5615758685,224.6303474
2018-12-24,43.63287037,0.5842633371,233.7053348
2018-12-25,43.63287037,0.5842633371,233.7053348
2018-12-26,43.63287037,0.5842633371,233.7053348
2018-12-27,43.63287037,0.5842633371,233.7053348
2018-12-28,43.62854356,0.5840668213,233.6267285
2018-12-29,44.2991453,0.6145243307,245.8097323
2018-12-30,44.34688657,0.6166926525,246.677061
2018-12-31,44.46085738,0.621868999,248.7475996
2019-01-01,44.7944213,0.6370188643,254.8075457
2019-01-02,45.03913866,0.648133481,259.2533924
2019-01-03,45.13210648,0.6523559103,260.9423641
2019-01-04,45.18681713,0.6548407683,261.9363073
2019-01-05,45.15184028,0.6532521834,261.3008734
2019-01-06,45.28518519,0.6593084662,263.7233865
2019-01-07,45.75545139,0.6806671005,272.2668402
2019-01-08,45.90873843,0.6876291185,275.0516474
2019-01-09,46.02680556,0.6929915125,277.196605
2019-01-10,46.28128472,0.7045494927,281.8197971
2019-01-11,46.34613426,0.7074948405,282.9979362
2019-01-12,46.4409375,0.711800631,284.7202524
2019-01-13,46.54908565,0.7167125229,286.6850092
2019-01-14,46.66438657,0.7219492809,288.7797124
2019-01-15,46.61987269,0.7199275412,287.9710165
2019-01-16,46.52216435,0.7154898067,286.1959227
2019-01-17,46.97981481,0.736275457,294.5101828
2019-01-18,46.9521875,0.7350206747,294.0082699
2019-01-19,47.26140046,0.7490645643,299.6258257
2019-01-20,47.64847222,0.7666446585,306.6578634
2019-01-21,47.75466435,0.7714677116,308.5870846
2019-01-22,47.55145833,0.7622384644,304.8953857
2019-01-23,47.46344907,0.7582412441,303.2964976
2019-01-24,47.48520833,0.75922951,303.691804
2019-01-25,47.46412037,0.7582717332,303.3086933
2019-01-26,47.54717593,0.7620439652,304.8175861
2019-01-27,47.51060185,0.7603828374,304.153135
2019-01-28,47.54314815,0.7618610309,304.7444124
2019-01-29,47.56199074,0.7627168271,305.0867308
2019-01-30,47.5768287,0.7633907404,305.3562961
2019-01-31,47.55541667,0.7624182447,304.9672979
2019-02-01,47.46979167,0.7585293131,303.4117252
2019-02-02,47.60506944,0.7646733834,305.8693533
2019-02-03,47.52137731,0.7608722393,304.3488957
2019-02-04,47.6153125,0.7651386043,306.0554417
2019-02-05,47.84778935,0.7756972794,310.2789118
2019-02-06,47.85253472,0.7759128055,310.3651222
2019-02-07,47.79335648,0.7732250376,309.290015
2019-02-08,47.90033565,0.7780838365,311.2335346
2019-02-09,47.89483796,0.7778341416,311.1336567
2019-02-10,48.09814815,0.7870681199,314.827248
2019-02-11,48.22657407,0.7929009915,317.1603966
2019-02-12,48.09689815,0.7870113472,314.8045389
2019-02-13,48.10387731,0.7873283282,314.9313313
2019-02-14,48.35472222,0.798721247,319.4884988
2019-02-15,48.70456019,0.81461025,325.8441
2019-02-16,48.88267361,0.8226998374,329.0799349
2019-02-17,48.80707176,0.819266139,327.7064556
2019-02-18,48.83962963,0.8207448581,328.2979433
2019-02-19,48.80459491,0.8191536449,327.6614579
2019-02-20,48.82758102,0.8201976322,328.0790529
2019-02-21,48.81569444,0.8196577656,327.8631062
2019-02-22,48.81548611,0.8196483035,327.8593214
2019-02-23,48.98012731,0.8271260071,330.8504028
2019-02-24,48.9222338,0.8244965889,329.7986356
2019-02-25,49.07512731,0.831440734,332.5762936
2019-02-26,49.11755787,0.8333678526,333.347141
2019-02-27,49.26635417,0.8401259093,336.0503637
2019-02-28,49.38671296,0.8455923866,338.2369546
2019-03-01,49.37108796,0.8448827275,337.953091
2019-03-02,49.25851852,0.8397700284,335.9080114
2019-03-03,49.39883102,0.8461427666,338.4571066
2019-03-04,49.50666667,0.8510404653,340.4161861
2019-03-05,49.32658565,0.8428615135,337.1446054
2019-03-06,49.4662963,0.8492069166,339.6827666
2019-03-07,49.53752315,0.8524419105,340.9767642
2019-03-08,49.52305556,0.8517848188,340.7139275
2019-03-09,49.57701389,0.854235508,341.6942032
2019-03-10,49.53195602,0.8521890616,340.8756246
2019-03-11,49.65730324,0.8578821041,343.1528416
2019-03-12,49.64233796,0.8572024084,342.8809634
2019-03-13,49.66104167,0.8580518966,343.2207586
2019-03-14,49.75680556,0.862401318,344.9605272
2019-03-15,49.74063657,0.8616669523,344.6667809
2019-03-16,49.7608912,0.8625868807,345.0347523
2019-03-17,49.81627315,0.8651022277,346.0408911
2019-03-18,49.76003472,0.8625479808,345.0191923
2019-03-19,49.79228009,0.8640125068,345.6050027
2019-03-20,49.78586806,0.8637212838,345.4885135
2019-03-21,49.95040509,0.8711942563,348.4777025
2019-03-22,49.83599537,0.8659979751,346.39919
2019-03-23,50.01217593,0.873999775,349.59991
2019-03-24,50.0649537,0.8763968455,350.5587382
2019-03-25,50.1449537,0.8800302998,352.0121199
2019-03-26,50.17394676,0.8813471116,352.5388446
2019-03-27,50.29009259,0.8866222438,354.6488975
2019-03-28,50.43024306,0.8929876225,357.195049
2019-03-29,50.58958333,0.9002245677,360.0898271
2019-03-30,50.5887037,0.9001846165,360.0738466
2019-03-31,50.59086806,0.9002829174,360.113167
2019-04-01,50.62773148,0.9019571871,360.7828748
2019-04-02,50.51104167,0.8966573482,358.6629393
2019-04-03,50.63248843,0.9021732388,360.8692955
2019-04-04,50.65396991,0.9031488886,361.2595554
2019-04-05,50.59381944,0.9004169641,360.1667856
2019-04-06,50.68844907,0.9047148695,361.8859478
2019-04-07,50.77939815,0.9088456108,363.5382443
2019-04-08,50.89081019,0.9139057426,365.562297
2019-04-09,51.12702546,0.9246342102,369.8536841
2019-04-10,51.15357639,0.9258401049,370.336042
2019-04-11,51.16287037,0.9262622206,370.5048882
2019-04-12,51.08179398,0.9225798787,369.0319515
2019-04-13,51.11875,0.9242583537,369.7033415
2019-04-14,51.1034375,0.9235628879,369.4251552
2019-04-15,51.15108796,0.9257270851,370.290834
2019-04-16,51.21017361,0.9284106476,371.364259
2019-04-17,51.18229167,0.9271443005,370.8577202
2019-04-18,51.31439815,0.9331443362,373.2577345
2019-04-19,51.24127315,0.9298231319,371.9292528
2019-04-20,51.23116898,0.9293642191,371.7456876
2019-04-21,51.25796296,0.9305811529,372.2324612
2019-04-22,51.28478009,0.9317991381,372.7196552
2019-04-23,51.3697338,0.9356575806,374.2630322
2019-04-24,51.35842593,0.9351439977,374.0575991
2019-04-25,51.31672454,0.9332499966,373.2999986
2019-04-26,51.32767361,0.9337472836,373.4989134
2019-04-27,51.30366898,0.932657037,373.0628148
2019-04-28,51.31741898,0.933281537,373.3126148
2019-04-29,51.33545139,0.9341005361,373.6402144
2019-04-30,51.3409375,0.9343497053,373.7398821
2019-05-01,51.3208912,0.933439239,373.3756956
2019-05-02,51.22527778,0.9290966514,371.6386605
2019-05-03,51.23225694,0.9294136324,371.765453
2019-05-04,51.23171296,0.9293889257,371.7555703
2019-05-05,51.09703704,0.9232721905,369.3088762
2019-05-06,51.06195602,0.9216788746,368.6715498
2019-05-07,50.98961806,0.918393416,367.3573664
2019-05-08,50.96331019,0.9171985605,366.8794242
2019-05-09,50.96604167,0.9173226194,366.9290478
2019-05-10,50.58451389,0.8999943227,359.9977291
2019-05-11,49.87349537,0.8677011568,347.0804627
2019-05-12,49.69140046,0.8594307378,343.7722951
2019-05-13,49.55417824,0.8531983544,341.2793418
2019-05-14,49.55739583,0.8533444916,341.3377967
2019-05-15,49.38741898,0.8456244526,338.2497811
2019-05-16,49.22480324,0.8382387419,335.2954968
2019-05-17,50.03574074,0.875070046,350.0280184
2019-05-18,50.3675,0.8901379472,356.0551789
2019-05-19,50.38917824,0.8911225334,356.4490134
2019-05-20,50.54298611,0.8981082067,359.2432827
2019-05-21,50.69748843,0.9051254204,362.0501682
2019-05-22,50.77710648,0.9087415275,363.496611
2019-05-23,50.8612037,0.9125610701,365.024428
2019-05-24,50.83622685,0.911426667,364.5706668
2019-05-25,50.81109954,0.9102854301,364.114172
2019-05-26,50.86795139,0.9128675377,365.1470151
2019-05-27,50.86010417,0.9125111311,365.0044525
2019-05-28,51.01482639,0.9195383326,367.8153331
2019-05-29,51.01293981,0.9194526479,367.7810591
2019-05-30,51.04398148,0.9208625038,368.3450015
2019-05-31,51.18366898,0.9272068556,370.8827422
2019-06-01,51.27959491,0.9315636364,372.6254546
2019-06-02,51.21377315,0.928574132,371.4296528
2019-06-03,51.29921296,0.9324546528,372.9818611
2019-06-04,51.31133102,0.9330050328,373.2020131
2019-06-05,51.35553241,0.9350125794,374.0050317
2019-06-06,51.30872685,0.9328867563,373.1547025
2019-06-07,51.38787037,0.9364813107,374.5925243
2019-06-08,51.3675,0.9355561256,374.2224502
2019-06-09,51.36238426,0.935323778,374.1295112
2019-06-10,51.41645833,0.9377797239,375.1118896
2019-06-11,51.10890046,0.9238110057,369.5244023
2019-06-12,51.03364583,0.9203930775,368.157231
2019-06-13,50.86076389,0.9125410945,365.0164378
2019-06-14,50.685625,0.9045866052,361.8346421
2019-06-15,50.41394676,0.8922474744,356.8989898
2019-06-16,50.21131944,0.8830445109,353.2178043
2019-06-17,50.08376157,0.8772510648,350.9004259
2019-06-18,49.92958333,0.8702485699,348.099428
2019-06-19,49.80936343,0.8647884007,345.9153603
2019-06-20,49.61427083,0.8559276505,342.3710602
2019-06-21,49.57398148,0.8540977816,341.6391126
2019-06-22,49.33982639,0.8434628838,337.3851535
2019-06-23,49.18136574,0.8362658898,334.5063559
2019-06-24,48.94665509,0.8256057597,330.2423039
2019-06-25,48.81113426,0.8194506503,327.7802601
2019-06-26,48.40015046,0.8007845149,320.313806
2019-06-27,48.1703125,0.7903456933,316.1382773
2019-06-28,47.95681713,0.7806491225,312.259649
2019-06-29,47.56806713,0.7629928056,305.1971223
2019-06-30,47.27416667,0.749644382,299.8577528
2019-07-01,47.00622685,0.7374750437,294.9900175
2019-07-02,46.63059028,0.7204143147,288.1657259
2019-07-03,46.40273148,0.7100653833,284.0261533
2019-07-04,46.05790509,0.6944039968,277.7615987
2019-07-05,45.73952546,0.679943774,271.9775096
2019-07-06,45.3096875,0.6604213167,264.1685267
2019-07-07,44.93478009,0.6433937052,257.3574821
2019-07-08,44.66920139,0.6313316042,252.5326417
2019-07-09,44.46383102,0.6220040561,248.8016224
2019-07-10,44.2455787,0.6120914335,244.8365734
2019-07-11,44.0255787,0.6020994343,240.8397737
2019-07-12,43.80546296,0.5921021783,236.8408713
2019-07-13,43.64883102,0.5849882407,233.9952963
2019-07-14,43.39403935,0.5734160673,229.3664269
2019-07-15,43.19824074,0.5645232511,225.8093004
2019-07-16,43.00706019,0.5558401785,222.3360714
2019-07-17,42.89631944,0.5508105358,220.3242143
2019-07-18,42.68172454,0.541064026,216.4256104
2019-07-19,42.48840278,0.5322837038,212.9134815
2019-07-20,42.32702546,0.5249542401,209.9816961
2019-07-21,42.14512731,0.5166927576,206.677103
2019-07-22,42.02638889,0.5112998746,204.5199498
2019-07-23,41.87622685,0.5044797884,201.7919154
2019-07-24,41.64616898,0.494030979,197.6123916
2019-07-25,41.50329861,0.487542067,195.0168268
2019-07-26,41.44981481,0.4851129304,194.0451722
2019-07-27,41.2919213,0.4779416944,191.1766778
2019-07-28,41.11196759,0.469768525,187.90741
2019-07-29,41.05142361,0.4670187276,186.8074911
2019-07-30,40.94483796,0.4621778017,184.8711207
2019-07-31,40.7643287,0.4539793999,181.59176
2019-08-01,40.61283565,0.4470988613,178.8395445
2019-08-02,40.50322917,0.4421207346,176.8482938
2019-08-03,40.32631944,0.4340858172,173.6343269
2019-08-04,40.1630787,0.4266717201,170.6686881
2019-08-05,40.01611111,0.4199967198,167.9986879
2019-08-06,39.92538194,0.4158759663,166.3503865
2019-08-07,39.83519676,0.4117799195,164.7119678
2019-08-08,39.66446759,0.4040257117,161.6102847
2019-08-09,39.6012963,0.4011565865,160.4626346
2019-08-10,39.48038194,0.3956648769,158.2659508
2019-08-11,39.41618056,0.3927489668,157.0995867
2019-08-12,39.22563657,0.3840948062,153.6379225
2019-08-13,39.08699074,0.377797765,151.119106
2019-08-14,38.9103588,0.3697754639,147.9101856
2019-08-15,38.81027778,0.3652299663,146.0919865
2019-08-16,38.65386574,0.3581260165,143.2504066
2019-08-17,38.50049769,0.3511603188,140.4641275
2019-08-18,38.38099537,0.3457327414,138.2930965
2019-08-19,38.2978125,0.3419547269,136.7818908
2019-08-20,38.17755787,0.3364929807,134.5971923
2019-08-21,38.05008102,0.3307032143,132.2812857
2019-08-22,37.94799769,0.3260667752,130.4267101
2019-08-23,37.82150463,0.3203216911,128.1286764
2019-08-24,37.72371528,0.3158802768,126.3521107
2019-08-25,37.63599537,0.3118961984,124.7584794
2019-08-26,37.54166667,0.3076119605,123.0447842
2019-08-27,37.40667824,0.3014810321,120.5924129
2019-08-28,37.34320602,0.2985982394,119.4392958
2019-08-29,37.22388889,0.2931790727,117.2716291
2019-08-30,37.13121528,0.2889700061,115.5880025
2019-08-31,37.08384259,0.2868184251,114.72737
2019-09-01,36.99079861,0.2825925369,113.0370148
2019-09-02,36.90369213,0.2786363192,111.4545277
2019-09-03,36.81178241,0.274461947,109.7847788
2019-09-04,36.69525463,0.2691694676,107.6677871
2019-09-05,36.63645833,0.266499047,106.5996188
2019-09-06,36.56331019,0.2631767913,105.2707165
2019-09-07,36.49085648,0.2598860761,103.9544304
2019-09-08,36.4375463,0.2574648246,102.9859298
2019-09-09,36.36855324,0.2543312857,101.7325143
2019-09-10,36.26390046,0.2495781471,99.83125885
2019-09-11,36.16791667,0.2452187379,98.08749518
2019-09-12,36.14690972,0.2442646408,97.70585632
2019-09-13,36.09296296,0.2418144773,96.7257909
2019-09-14,35.97653935,0.2365267289,94.61069157
2019-09-15,35.93015046,0.2344198301,93.76793203
2019-09-16,35.81667824,0.2292661284,91.70645138
2019-09-17,35.70950231,0.2243983931,89.75935725
2019-09-18,35.68902778,0.2234684769,89.38739078
2019-09-19,35.67240741,0.22271361,89.085444
2019-09-20,35.59732639,0.2193035669,87.72142676
2019-09-21,35.52568287,0.2160496488,86.41985952
2019-09-22,35.41233796,0.2109017296,84.36069183
2019-09-23,35.34787037,0.2079737289,83.18949158
2019-09-24,35.23841435,0.203002436,81.20097439
2019-09-25,35.2740162,0.2046194072,81.84776289
2019-09-26,35.15409722,0.1991729055,79.66916221
2019-09-27,35.10548611,0.1969650774,78.78603097
2019-09-28,35.0055787,0.192427465,76.97098598
2019-09-29,35.00542824,0.1924206312,76.96825248
2019-09-30,34.88174769,0.1868032857,74.72131427
2019-10-01,34.84693287,0.1852220602,74.08882408
2019-10-02,34.80304398,0.1832287068,73.29148272
2019-10-03,34.78118056,0.1822357098,72.89428393
2019-10-04,34.706875,0.1788608869,71.54435474
2019-10-05,34.60366898,0.1741734575,69.669383
2019-10-06,34.55912037,0.1721501407,68.86005629
2019-10-07,34.50439815,0.1696647571,67.86590283
2019-10-08,34.43709491,0.1666079665,66.64318659
2019-10-09,34.35878472,0.1630512605,65.2205042
2019-10-10,34.27083333,0.1590566686,63.62266746
2019-10-11,34.23104167,0.1572494036,62.89976145
2019-10-12,34.18113426,0.1549827001,61.99308004
2019-10-13,34.16418981,0.1542131143,61.68524572
2019-10-14,34.07336806,0.1500881554,60.03526217
2019-10-15,33.98553241,0.1460988203,58.43952811
2019-10-16,33.96635417,0.1452277795,58.09111181
2019-10-17,33.90072917,0.1422472116,56.89888463
2019-10-18,33.86053241,0.140421548,56.16861919
2019-10-19,33.7503588,0.1354176633,54.1670653
2019-10-20,33.71850694,0.1339710102,53.58840407
2019-10-21,33.61454861,0.129249412,51.69976481
2019-10-22,33.63068287,0.1299822007,51.99288028
2019-10-23,33.53122685,0.1254650895,50.1860358
2019-10-24,33.49028935,0.1236057828,49.44231313
2019-10-25,33.44600694,0.1215945565,48.63782262
2019-10-26,33.37965278,0.1185808712,47.43234847
2019-10-27,33.3200463,0.1158736534,46.34946134
2019-10-28,33.18407407,0.1096980427,43.87921708
2019-10-29,33.12478009,0.1070050181,42.80200723
2019-10-30,33.11560185,0.1065881591,42.63526364
2019-10-31,33.0646875,0.104275722,41.71028879
2019-11-01,33.00603009,0.1016116094,40.64464376
2019-11-02,32.92670139,0.09800864417,39.20345767
2019-11-03,32.85814815,0.09489508085,37.95803234
2019-11-04,32.79003472,0.09180149312,36.72059725
2019-11-05,32.70453704,0.087918344,35.1673376
2019-11-06,32.69105324,0.08730593454,34.92237381
2019-11-07,32.63716435,0.08485839937,33.94335975
2019-11-08,32.57482639,0.08202712264,32.81084906
2019-11-09,32.50751157,0.07896980637,31.58792255
2019-11-10,32.43318287,0.07559393205,30.23757282
2019-11-11,32.45321759,0.07650387264,30.60154905
2019-11-12,32.38381944,0.07335193516,29.34077406
2019-11-13,32.40760417,0.07443219392,29.77287757
2019-11-14,32.29215278,0.06918860214,27.67544086
2019-11-15,32.29148148,0.06915811308,27.66324523
2019-11-16,32.24072917,0.0668530354,26.74121416
2019-11-17,32.22607639,0.06618753292,26.47501317
2019-11-18,32.19361111,0.06471301914,25.88520766
2019-11-19,32.15695602,0.06304821161,25.21928464
2019-11-20,32.08568287,0.05981111505,23.92444602
2019-11-21,32.05525463,0.05842911978,23.37164791
2019-11-22,31.95886574,0.05405131203,21.62052481
2019-11-23,31.96060185,0.05413016303,21.65206521
2019-11-24,31.98747685,0.05535077658,22.14031063
2019-11-25,31.90824074,0.05175201675,20.7008067
2019-11-26,31.77991898,0.04592387619,18.36955048
2019-11-27,31.883125,0.05061130555,20.24452222
2019-11-28,31.80855324,0.04722439209,18.88975683
2019-11-29,31.83922454,0.04861742649,19.4469706
2019-11-30,31.713125,0.04289021522,17.15608609
2019-12-01,31.77950231,0.04590495195,18.36198078
2019-12-02,31.72215278,0.04330024044,17.32009618
2019-12-03,31.75424769,0.04475793267,17.90317307
2019-12-04,31.67145833,0.04099779112,16.39911645
2019-12-05,31.60881944,0.03815284689,15.26113876
2019-12-06,31.56040509,0.03595395522,14.38158209
2019-12-07,31.66847222,0.04086216739,16.34486696
2019-12-08,31.96524306,0.05434095805,21.73638322
2019-12-09,32.06686343,0.05895637016,23.58254806
2019-12-10,32.04642361,0.05802803101,23.2112124
2019-12-11,31.99974537,0.05590799034,22.36319614
2019-12-12,32.08408565,0.05973857212,23.89542885
2019-12-13,32.01565972,0.05663079121,22.65231648
2019-12-14,32.20930556,0.06542583222,26.17033289
2019-12-15,32.72111111,0.08867110826,35.4684433
2019-12-16,33.15,0.1081504603,43.26018413
2019-12-17,33.42943287,0.1208417923,48.33671692
2019-12-18,33.58356481,0.1278421844,51.13687378
2019-12-19,33.64787037,0.1307628256,52.30513026
2019-12-20,33.81811343,0.1384949551,55.39798205
2019-12-21,33.98832176,0.1462255076,58.49020303
2019-12-22,34.25413194,0.158298122,63.31924879
2019-12-23,34.66251157,0.1768459809,70.73839234
2019-12-24,34.75975694,0.1812626884,72.50507538
2019-12-25,34.9840625,0.1914502382,76.58009527
2019-12-26,35.12961806,0.1980611064,79.22444255
2019-12-27,35.24872685,0.2034708109,81.38832437
2019-12-28,35.33347222,0.2073197913,82.92791651
2019-12-29,35.34914352,0.208031553,83.21262121
2019-12-30,35.5505787,0.2171803722,86.87214888
2019-12-31,35.79039352,0.2280723242,91.2289297
2020-01-01,36.00966435,0.2380312061,95.21248243
2020-01-02,36.14039352,0.2439686867,97.58747468
2020-01-03,36.19424769,0.2464146448,98.56585794
2020-01-04,36.24615741,0.2487722899,99.50891595
2020-01-05,36.31297454,0.2518070022,100.7228009
2020-01-06,36.34503472,0.2532631174,101.305247
2020-01-07,36.38128472,0.2549095264,101.9638105
2020-01-08,36.45740741,0.2583668801,103.346752
2020-01-09,36.56780093,0.2633807526,105.352301
2020-01-10,36.80810185,0.2742947829,109.7179132
2020-01-11,36.93444444,0.2800330333,112.0132133
2020-01-12,36.98179398,0.282183563,112.8734252
2020-01-13,37.10199074,0.2876426809,115.0570724
2020-01-14,37.41663194,0.3019331112,120.7732445
2020-01-15,37.65581019,0.3127961512,125.1184605
2020-01-16,37.94261574,0.3258223371,130.3289348
2020-01-17,38.31505787,0.3427379802,137.0951921
2020-01-18,38.57082176,0.3543543102,141.7417241
2020-01-19,39.04820602,0.3760362336,150.4144934
2020-01-20,40.13927083,0.42559041,170.236164
2020-01-21,40.68835648,0.45052888,180.211552
2020-01-22,41.35396991,0.4807598293,192.3039317
2020-01-23,41.32571759,0.4794766606,191.7906643
2020-01-24,41.72084491,0.4974226235,198.9690494
2020-01-25,41.73979167,0.4982831508,199.3132603
2020-01-26,42.26922454,0.5223290274,208.9316109
2020-01-27,42.34517361,0.525778496,210.3113984
2020-01-28,42.66228009,0.5401808947,216.0723579
2020-01-29,43.03662037,0.5571827482,222.8730993
2020-01-30,43.40434028,0.5738839166,229.5535666
2020-01-31,43.78556713,0.5911985458,236.4794183
2020-02-01,44.08140046,0.6046347569,241.8539028
2020-02-02,44.24055556,0.6118632913,244.7453165
2020-02-03,44.45633102,0.6216634198,248.6653679
2020-02-04,44.61368056,0.6288099491,251.5239796
2020-02-05,44.7484838,0.6349324667,253.9729867
2020-02-06,44.85222222,0.6396440771,255.8576308
2020-02-07,44.9796412,0.6454312151,258.172486
2020-02-08,45.09194444,0.6505318237,260.2127295
2020-02-09,45.2128588,0.6560235333,262.4094133
2020-02-10,45.29460648,0.6597363643,263.8945457
2020-02-11,45.39732639,0.6644017154,265.7606862
2020-02-12,45.51487269,0.669740454,267.8961816
2020-02-13,45.4962963,0.6688967483,267.5586993
2020-02-14,45.64569444,0.67568214,270.272856
2020-02-15,45.69248843,0.6778074374,271.122975
2020-02-16,45.80028935,0.6827035591,273.0814236
2020-02-17,45.84287037,0.6846375114,273.8550046
2020-02-18,45.84030093,0.6845208119,273.8083248
2020-02-19,45.89261574,0.6868968555,274.7587422
2020-02-20,45.95829861,0.6898800519,275.9520207
2020-02-21,46.00336806,0.6919270239,276.7708096
2020-02-22,46.01087963,0.6922681859,276.9072744
2020-02-23,46.11216435,0.6968683535,278.7473414
2020-02-24,46.16537037,0.699284874,279.7139496
2020-02-25,46.18082176,0.6999866479,279.9946592
2020-02-26,46.16068287,0.6990719762,279.6287905
2020-02-27,46.1547338,0.6988017801,279.5207121
2020-02-28,46.22611111,0.7020436078,280.8174431
2020-02-29,46.19359954,0.7005669913,280.2267965
2020-03-01,46.16611111,0.6993185171,279.7274068
2020-03-02,46.20811343,0.7012261857,280.4904743
2020-03-03,46.2334838,0.7023784617,280.9513847
2020-03-04,46.16928241,0.6994625516,279.7850206
2020-03-05,46.16303241,0.6991786879,279.6714752
2020-03-06,46.1628125,0.6991687001,279.6674801
2020-03-07,46.13996528,0.6981310209,279.2524084
2020-03-08,46.18328704,0.7000986163,280.0394465
2020-03-09,46.21133102,0.7013723229,280.5489292
2020-03-10,46.08671296,0.6957123978,278.2849591
2020-03-11,46.04017361,0.6935986652,277.4394661
2020-03-12,46.04422454,0.6937826509,277.5130604
2020-03-13,45.95333333,0.689654538,275.8618152
2020-03-14,45.92899306,0.6885490469,275.4196188
2020-03-15,45.86689815,0.6857288093,274.2915237
2020-03-16,45.95081019,0.6895399412,275.8159765
2020-03-17,45.90356481,0.6873941425,274.957657
2020-03-18,45.98936343,0.6912909592,276.5163837
2020-03-19,45.86583333,0.6856804474,274.2721789
2020-03-20,45.87297454,0.6860047878,274.4019151
2020-03-21,45.85935185,0.6853860703,274.1544281
2020-03-22,45.86693287,0.6857303863,274.2921545
2020-03-23,45.76627315,0.6811586051,272.463442
2020-03-24,45.79078704,0.6822719813,272.9087925
2020-03-25,45.76284722,0.6810030058,272.4012023
2020-03-26,45.70607639,0.678424578,271.3698312
2020-03-27,45.67650463,0.6770814825,270.832593
2020-03-28,45.64246528,0.6755354772,270.2141909
2020-03-29,45.73797454,0.6798733337,271.9493335
2020-03-30,45.70513944,0.6783820235,271.3528094
2020-03-31,45.64676017,0.6757305431,270.2922173
2020-04-01,45.61552083,0.6743117096,269.7246838
2020-04-02,45.6252662,0.6747543266,269.9017306
2020-04-03,45.54511574,0.6711140385,268.4456154
2020-04-04,45.59184028,0.6732361819,269.2944728
2020-04-05,45.59641556,0.6734439831,269.3775932
2020-04-06,45.88887632,0.686727018,274.6908072
2020-04-07,45.98167273,0.6909416617,276.3766647
2020-04-08,46.07127712,0.6950113298,278.0045319
2020-04-09,46.09303582,0.6959995707,278.3998283
2020-04-10,46.02413018,0.6928700018,277.1480007
2020-04-11,46.22639286,0.7020564042,280.8225617
2020-04-12,46.10645437,0.6966090163,278.6436065
2020-04-13,46.24336475,0.7028272365,281.1308946
2020-04-14,46.25390675,0.7033060349,281.3224139
2020-04-15,46.16639881,0.6993315838,279.7326335
2020-04-16,46.22070525,0.7017980833,280.7192333
2020-04-17,46.16522564,0.6992783005,279.7113202
2020-04-18,46.2244267,0.7019671048,280.7868419
2020-04-19,46.22755952,0.702109392,280.8437568
2020-04-20,46.14791336,0.6984920083,279.3968033
2020-04-21,46.22081184,0.7018029245,280.7211698
2020-04-22,46.26563768,0.7038388324,281.5355329
2020-04-23,46.25194478,0.7032169257,281.2867703
2020-04-24,46.21498446,0.7015382554,280.6153022
2020-04-25,46.14609987,0.6984096428,279.3638571
2020-04-26,46.16020437,0.6990502434,279.6200974
2020-04-27,46.04888228,0.6939941969,277.5976787
2020-04-28,45.98914947,0.6912812417,276.5124967
2020-04-29,45.91452877,0.6878921054,275.1568422
2020-04-30,45.77339705,0.6814821596,272.5928638
2020-05-01,45.75715223,0.6807443495,272.2977398
2020-05-02,45.72294433,0.6791906893,271.6762757
2020-05-03,45.64547784,0.6756723024,270.268921
2020-05-04,45.59241656,0.6732623554,269.3049422
2020-05-05,45.51962974,0.6699565108,267.9826043
2020-05-06,45.34965608,0.662236617,264.8946468
2020-05-07,45.23623347,0.6570851682,262.8340673
2020-05-08,45.2112974,0.6559526175,262.381047
2020-05-09,44.92610317,0.6429996154,257.1998461
2020-05-10,44.78233333,0.6364698511,254.5879404
2020-05-11,44.56000496,0.6263721013,250.5488405
2020-05-12,44.63074157,0.6295848292,251.8339317
2020-05-13,44.57457672,0.6270339241,250.8135696
2020-05-14,44.49924272,0.6236123913,249.4449565
2020-05-15,44.38716942,0.618522226,247.4088904
2020-05-16,44.36581239,0.6175522285,247.0208914
2020-05-17,44.24817394,0.6122093045,244.8837218
2020-05-18,44.29915079,0.6145245803,245.8098321
2020-05-19,44.24124107,0.6118944262,244.7577705
2020-05-20,44.21050099,0.6104982678,244.1993071
2020-05-21,44.22936343,0.6113549651,244.5419861
2020-05-22,44.09137731,0.6050878873,242.0351549
2020-05-23,44.11507,0.6061639657,242.4655863
2020-05-24,44.0619461,0.6037511751,241.50047
2020-05-25,43.8391088,0.5936303107,237.4521243
2020-05-26,43.66658631,0.5857946537,234.3178615
2020-05-27,43.70166171,0.5873877143,234.9550857
2020-05-28,43.56940675,0.5813809349,232.552374
2020-05-29,43.40765708,0.5740345596,229.6138238
2020-05-30,43.28714198,0.5685609832,227.4243933
2020-05-31,43.30446759,0.5693478812,227.7391525
2020-06-01,43.36109623,0.5719198507,228.7679403
2020-06-02,43.12519323,0.5612055663,224.4822265
2020-06-03,43.06212434,0.558341092,223.3364368
2020-06-04,42.98285769,0.5547409454,221.8963782
2020-06-05,42.79840333,0.5463633642,218.5453457
2020-06-06,42.6800463,0.5409878033,216.3951213
2020-06-07,42.60303241,0.5374899728,214.9959891
2020-06-08,42.58620734,0.5367258089,214.6903236
2020-06-09,42.53789187,0.534531408,213.8125632
2020-06-10,42.30945536,0.5241562379,209.6624952
2020-06-11,42.28012765,0.5228242267,209.1296907
2020-06-12,42.16116832,0.5174213108,206.9685243
2020-06-13,42.07475397,0.5134965284,205.3986114
2020-06-14,42.02288095,0.5111405505,204.4562202
2020-06-15,41.86628274,0.5040281449,201.6112579
2020-06-16,41.81314881,0.5016148986,200.6459594
2020-06-17,41.65724504,0.4945340334,197.8136133
2020-06-18,41.49337004,0.4870911294,194.8364518
2020-06-19,41.30120172,0.4783631943,191.3452777
2020-06-20,41.18302579,0.472995859,189.1983436
2020-06-21,41.09064418,0.4688000544,187.5200218
2020-06-22,40.81409447,0.4562396702,182.4958681
2020-06-23,40.74016324,0.4528818485,181.1527394
2020-06-24,40.52703307,0.4432018644,177.2807458
2020-06-25,40.40298876,0.4375679977,175.0271991
2020-06-26,40.28163525,0.4320563426,172.822537
2020-06-27,40.18062831,0.4274687911,170.9875165
2020-06-28,40.12246991,0.4248273426,169.930937
2020-06-29,39.97960714,0.4183387761,167.3355104
2020-06-30,39.90986376,0.4151711585,166.0684634
2020-07-01,39.75829497,0.4082871805,163.3148722
2020-07-02,39.56114021,0.3993327703,159.7331081
2020-07-03,39.43272138,0.3935002209,157.4000884
2020-07-04,39.35712384,0.3900667185,156.0266874
2020-07-05,39.22089506,0.3838794554,153.5517822
2020-07-06,39.10668171,0.3786920931,151.4768373
2020-07-07,39.00299769,0.3739829535,149.5931814
2020-07-08,38.91769676,0.3701087408,148.0434963
2020-07-09,38.78186177,0.3639393631,145.5757453
2020-07-10,38.70261409,0.3603400776,144.136031
2020-07-11,38.59452679,0.3554309493,142.1723797
2020-07-12,38.4258254,0.3477688395,139.1075358
2020-07-13,38.33210648,0.3435122971,137.4049188
2020-07-14,38.28048214,0.3411676137,136.4670455
2020-07-15,38.05331845,0.3308502526,132.3401011
2020-07-16,38.06183036,0.3312368478,132.4947391
2020-07-17,37.96335152,0.3267641185,130.7056474
2020-07-18,37.92767857,0.3251439181,130.0575672
2020-07-19,37.72900628,0.3161205847,126.4482339
2020-07-20,37.646875,0.3123903314,124.9561326
2020-07-21,37.56601124,0.3087176469,123.4870587
2020-07-22,37.44515377,0.3032285206,121.2914082
2020-07-23,37.32287698,0.2976749317,119.0699727
2020-07-24,37.20128549,0.2921524677,116.8609871
2020-07-25,37.07290046,0.2863214535,114.5285814
2020-07-26,37.00101852,0.2830567065,113.2226826
2020-07-27,36.86688657,0.2769646779,110.7858712
2020-07-28,36.74416821,0.2713910333,108.5564133
2020-07-29,36.69071682,0.2689633686,107.5853475
2020-07-30,36.57577216,0.2637427913,105.4971165
2020-07-31,36.55864969,0.2629651202,105.1860481
2020-08-01,36.43042361,0.2571413252,102.8565301
2020-08-02,36.34127315,0.2530922735,101.2369094
2020-08-03,36.30900463,0.2516266962,100.6506785
2020-08-04,36.14158565,0.244022831,97.60913242
2020-08-05,36.12161728,0.2431159043,97.24636173
2020-08-06,36.03853009,0.2393422354,95.73689417
2020-08-07,35.96006944,0.2357786957,94.31147829
2020-08-08,35.84100926,0.230371199,92.14847959
2020-08-09,35.8522554,0.2308819783,92.35279131
2020-08-10,35.70475694,0.224182867,89.67314682
2020-08-11,35.60928241,0.2198465875,87.93863499
2020-08-12,35.5815776,0.2185882857,87.43531427
2020-08-13,35.56475926,0.2178244272,87.12977088
2020-08-14,35.35310185,0.2082113333,83.28453332
2020-08-15,35.37082639,0.2090163495,83.6065398
2020-08-16,35.30597917,0.2060711068,82.42844271
2020-08-17,35.19982639,0.201249841,80.49993639
2020-08-18,35.10555556,0.1969682315,78.78729258
2020-08-19,34.97906944,0.1912234627,76.48938508
2020-08-20,34.97940509,0.1912387072,76.49548289
2020-08-21,34.91036806,0.1881031708,75.2412683
2020-08-22,34.89291667,0.1873105605,74.92422418
2020-08-23,34.77427083,0.1819218828,72.76875313
2020-08-24,34.71777778,0.1793560712,71.74242846
2020-08-25,34.63574285,0.175630194,70.25207758
2020-08-26,34.52211574,0.1704694579,68.18778314
2020-08-27,34.54958333,0.1717169859,68.68679435
2020-08-28,34.49677083,0.1693183383,67.72733533
2020-08-29,34.42600694,0.1661043714,66.44174856
2020-08-30,34.30907176,0.1607933883,64.31735532
2020-08-31,34.25270833,0.1582334642,63.29338566
2020-09-01,34.2022338,0.1559410026,62.37640105
2020-09-02,34.14875231,0.1535119712,61.40478846
2020-09-03,34.10793981,0.1516583418,60.6633367
2020-09-04,34.02252315,0.1477788723,59.11154894
2020-09-05,34.00229167,0.1468599953,58.74399812
2020-09-06,33.94450231,0.1442353082,57.69412329
2020-09-07,33.91304398,0.142806528,57.12261121
2020-09-08,33.62730324,0.1298287041,51.93148163
2020-09-09,33.74007639,0.134950655,53.98026202
2020-09-10,33.79532407,0.1374599043,54.98396171
2020-09-11,33.67993056,0.1322189409,52.88757634
2020-09-12,33.71840278,0.1339662791,53.58651164
2020-09-13,33.57006944,0.1272292493,50.89169972
2020-09-14,33.49446759,0.1237955509,49.51822036
2020-09-15,33.39265046,0.1191712024,47.66848094
2020-09-16,33.36840278,0.1180699167,47.22796666
2020-09-17,33.36042824,0.1177077277,47.08309109
2020-09-18,33.30561343,0.1152181387,46.08725547
2020-09-19,33.26282407,0.1132747243,45.3098897
2020-09-20,33.23920139,0.1122018249,44.88072997
2020-09-21,33.14467593,0.1079086506,43.16346023
2020-09-22,33.05976852,0.1040523108,41.62092432
2020-09-23,32.97702546,0.1002942719,40.11770878
2020-09-24,32.974375,0.1001738927,40.0695571
2020-09-25,32.90315278,0.09693910915,38.77564366
2020-09-26,32.87987269,0.09588176975,38.3527079
2020-09-27,32.95163194,0.09914094459,39.65637784
2020-09-28,32.76331019,0.09058771333,36.23508533
2020-09-29,32.76168155,0.09051374358,36.20549743
2020-09-30,32.69249008,0.08737119313,34.94847725
2020-10-01,32.71271825,0.08828991997,35.31596799
2020-10-02,32.65980754,0.08588681171,34.35472468
2020-10-03,32.51594246,0.07935272187,31.74108875
2020-10-04,32.55481349,0.08111817332,32.44726933
2020-10-05,32.51847222,0.07946761905,31.78704762
2020-10-06,32.37291005,0.07285645047,29.14258019
2020-10-07,32.36567758,0.0725279647,29.01118588
2020-10-08,32.35835317,0.07219530357,28.87812143
2020-10-09,32.30357639,0.06970744175,27.8829767
2020-10-10,32.27822917,0.06855621709,27.42248683
2020-10-11,32.27045139,0.06820296459,27.28118583
2020-10-12,32.27597817,0.06845398113,27.38159245
2020-10-13,32.16761078,0.06353213148,25.41285259
2020-10-14,32.20864815,0.06539597397,26.15838959
2020-10-15,32.13561111,0.06207876479,24.83150592
2020-10-16,32.068875,0.05904773219,23.61909288
2020-10-17,32.06779266,0.05899857422,23.59942969
2020-10-18,32.03111177,0.05733259519,22.93303808
2020-10-19,31.94006184,0.05319727305,21.27890922
2020-10-20,31.91333333,0.05198331302,20.79332521
2020-10-21,31.89026786,0.05093572111,20.37428844
2020-10-22,31.89580357,0.05118714317,20.47485727
2020-10-23,31.870167,0.05002277668,20.00911067
2020-10-24,31.79907242,0.04679379051,18.7175162
2020-10-25,31.75930456,0.04498760688,17.99504275
2020-10-26,31.77145833,0.04553960896,18.21584358
2020-10-27,31.66590278,0.04074546791,16.29818716
2020-10-28,31.68562103,0.04164103508,16.65641403
2020-10-29,31.60931448,0.03817533069,15.27013228
2020-10-30,31.67969279,0.04137178519,16.54871408
2020-10-31,31.59271792,0.03742154513,14.96861805
2020-11-01,31.55085648,0.0355202747,14.20810988
2020-11-02,31.50671296,0.0335153565,13.4061426
2020-11-03,31.46687996,0.03170621407,12.68248563
2020-11-04,31.45791667,0.0312991176,12.51964704
2020-11-05,31.41131118,0.02918238117,11.67295247
2020-11-06,31.36561012,0.02710672236,10.84268894
2020-11-07,31.37314782,0.02744907089,10.97962835
2020-11-08,31.3124256,0.02469117816,9.876471266
2020-11-09,31.3239418,0.02521422316,10.08568926
2020-11-10,31.29422784,0.02386466945,9.545867779
2020-11-11,31.27643849,0.02305670949,9.222683797
2020-11-12,31.15945602,0.01774357864,7.097431455
2020-11-13,30.98268519,0.00971496939,3.885987756
2020-11-14,30.97375,0.009309149555,3.723659822
2020-11-15,30.89924934,0.005925465225,2.37018609
2020-11-16,30.93376929,0.007493298541,2.997319416
2020-11-17,30.76878472,0,0
2020-11-18,30.87998071,0.005050319206,2.020127683
2020-11-19,30.97243056,0.009249222792,3.699689117
2020-11-20,31.06054398,0.01325117409,5.300469637
2020-11-21,31.11012731,0.01550315877,6.201263508
2020-11-22,31.05082176,0.01280960847,5.123843387
2020-11-23,31.07635417,0.0139692439,5.587697561
2020-11-24,31.11322917,0.01564403923,6.257615693
2020-11-25,31.14795139,0.01722105932,6.888423726
2020-11-26,31.11118056,0.01555099505,6.220398019
2020-11-27,31.10971065,0.01548423453,6.193693812
2020-11-28,31.12454861,0.01615814778,6.463259112
2020-11-29,31.08114583,0.01418687267,5.67474907
2020-11-30,31.10505401,0.01527273861,6.109095446
2020-12-01,31.10688161,0.01535574494,6.142297977
2020-12-02,31.10815586,0.01541361908,6.16544763
2020-12-03,31.06139815,0.01328996879,5.315987514
2020-12-04,31.04864583,0.01271078188,5.08431275
2020-12-05,30.96898534,0.009092747355,3.637098942
2020-12-06,31.03481481,0.01208260221,4.833040884
2020-12-07,31.05483796,0.01299201712,5.19680685
2020-12-08,31.0628125,0.01335420607,5.341682428
2020-12-09,30.99760417,0.01039256235,4.157024941
2020-12-10,30.87219136,0.004696541034,1.878616414